{
  "seed": 8192,
  "output_dir": "outputs/MTRCNN_seed8192_B64_E100_earlystop_min10_pati5",
  "best_checkpoint_path": "outputs/MTRCNN_seed8192_B64_E100_earlystop_min10_pati5/model/model_best.pth",
  "final_checkpoint_path": "outputs/MTRCNN_seed8192_B64_E100_earlystop_min10_pati5/model/model_final.pth",
  "best_model_eval": {
    "output_dir": "outputs/MTRCNN_seed8192_B64_E100_earlystop_min10_pati5/best_model_eval",
    "validation_metrics": {
      "loss": 0.2867849576594757,
      "species_loss": 0.28407048177208016,
      "domain_loss": 0.0027144782057704495,
      "species_accuracy": 0.8951369524002075,
      "species_balanced_accuracy": 0.8536278075642056,
      "domain_accuracy": 0.9992135167121887,
      "domain_balanced_accuracy": 0.715455973148346,
      "species_ba_D1": 0.840277781089147,
      "species_ba_D4": 0.5,
      "species_ba_D5": 0.873242030541102,
      "species_ba_D3": 0.5031746029853821,
      "species_ba_D2": 0.9772727191448212,
      "num_prediction_rows": 30516,
      "split": "validation",
      "checkpoint_path": "outputs/MTRCNN_seed8192_B64_E100_earlystop_min10_pati5/model/model_best.pth"
    },
    "test_metrics": {
      "loss": 1.663393849338209,
      "species_loss": 1.3857114178541865,
      "domain_loss": 0.2776824326185569,
      "species_accuracy": 0.7738545536994934,
      "species_balanced_accuracy": 0.5473046509755982,
      "domain_accuracy": 0.9546239376068115,
      "domain_balanced_accuracy": 0.43349874913692477,
      "species_ba_D1": 0.4285714328289032,
      "species_ba_D3": 0.3052491893370946,
      "species_ba_D4": 0.12162162363529205,
      "species_ba_D5": 0.8690935969352722,
      "species_ba_D2": 0.4118311082323392,
      "num_prediction_rows": 27217,
      "num_seen_samples": 23015,
      "num_unseen_samples": 4202,
      "BA_seen": 0.8688189486662546,
      "BA_unseen": 0.20048823042048347,
      "DSG": 0.6683307182457712,
      "split": "test",
      "checkpoint_path": "outputs/MTRCNN_seed8192_B64_E100_earlystop_min10_pati5/model/model_best.pth"
    },
    "validation_metrics_path": "outputs/MTRCNN_seed8192_B64_E100_earlystop_min10_pati5/best_model_eval/validation_metrics.json",
    "validation_predictions_path": "outputs/MTRCNN_seed8192_B64_E100_earlystop_min10_pati5/best_model_eval/validation_predictions.jsonl",
    "test_metrics_path": "outputs/MTRCNN_seed8192_B64_E100_earlystop_min10_pati5/best_model_eval/test_metrics.json",
    "test_predictions_path": "outputs/MTRCNN_seed8192_B64_E100_earlystop_min10_pati5/best_model_eval/test_predictions.jsonl"
  },
  "final_model_eval": {
    "output_dir": "outputs/MTRCNN_seed8192_B64_E100_earlystop_min10_pati5/final_model_eval",
    "validation_metrics": {
      "loss": 0.2552177815652446,
      "species_loss": 0.25265964201205415,
      "domain_loss": 0.0025581418973337554,
      "species_accuracy": 0.9061475992202759,
      "species_balanced_accuracy": 0.8013713823424445,
      "domain_accuracy": 0.9990168809890747,
      "domain_balanced_accuracy": 0.7164779782295227,
      "species_ba_D1": 0.7558396458625793,
      "species_ba_D4": 0.0,
      "species_ba_D5": 0.8798570732275645,
      "species_ba_D3": 0.4841269850730896,
      "species_ba_D2": 0.8522727191448212,
      "num_prediction_rows": 30516,
      "split": "validation",
      "checkpoint_path": "outputs/MTRCNN_seed8192_B64_E100_earlystop_min10_pati5/model/model_final.pth"
    },
    "test_metrics": {
      "loss": 1.6374036323077605,
      "species_loss": 1.308675608975805,
      "domain_loss": 0.32872802398203804,
      "species_accuracy": 0.7846566438674927,
      "species_balanced_accuracy": 0.5680534947249625,
      "domain_accuracy": 0.9185435771942139,
      "domain_balanced_accuracy": 0.4185209246352315,
      "species_ba_D1": 0.4246031741301219,
      "species_ba_D3": 0.3072916666666667,
      "species_ba_D4": 0.15878377854824066,
      "species_ba_D5": 0.878212034702301,
      "species_ba_D2": 0.3760315862794717,
      "num_prediction_rows": 27217,
      "num_seen_samples": 23015,
      "num_unseen_samples": 4202,
      "BA_seen": 0.8778549333413442,
      "BA_unseen": 0.20575239550736216,
      "DSG": 0.6721025378339821,
      "split": "test",
      "checkpoint_path": "outputs/MTRCNN_seed8192_B64_E100_earlystop_min10_pati5/model/model_final.pth"
    },
    "validation_metrics_path": "outputs/MTRCNN_seed8192_B64_E100_earlystop_min10_pati5/final_model_eval/validation_metrics.json",
    "validation_predictions_path": "outputs/MTRCNN_seed8192_B64_E100_earlystop_min10_pati5/final_model_eval/validation_predictions.jsonl",
    "test_metrics_path": "outputs/MTRCNN_seed8192_B64_E100_earlystop_min10_pati5/final_model_eval/test_metrics.json",
    "test_predictions_path": "outputs/MTRCNN_seed8192_B64_E100_earlystop_min10_pati5/final_model_eval/test_predictions.jsonl"
  }
}