{
  "seed": 8192,
  "output_dir": "outputs/MTRCNN_seed8192_B64_E100_earlystop_min10_pati5",
  "best_checkpoint_path": "outputs/MTRCNN_seed8192_B64_E100_earlystop_min10_pati5/model/model_best.pth",
  "final_checkpoint_path": "outputs/MTRCNN_seed8192_B64_E100_earlystop_min10_pati5/model/model_final.pth",
  "best_model_eval": {
    "output_dir": "outputs/MTRCNN_seed8192_B64_E100_earlystop_min10_pati5/best_model_eval",
    "validation_metrics": {
      "loss": 0.2586792965995884,
      "species_loss": 0.25599832015205065,
      "domain_loss": 0.0026809786646780787,
      "species_accuracy": 0.9046729803085327,
      "species_balanced_accuracy": 0.8475225037998624,
      "domain_accuracy": 0.9990168809890747,
      "domain_balanced_accuracy": 0.7087421417236328,
      "species_ba_D1": 0.7725694378217062,
      "species_ba_D4": 0.5,
      "species_ba_D5": 0.8851303656895956,
      "species_ba_D3": 0.41428571939468384,
      "species_ba_D2": 1.0,
      "num_prediction_rows": 30516,
      "split": "validation",
      "checkpoint_path": "outputs/MTRCNN_seed8192_B64_E100_earlystop_min10_pati5/model/model_best.pth"
    },
    "test_metrics": {
      "loss": 1.5035663393862169,
      "species_loss": 1.2081544866484661,
      "domain_loss": 0.29541185666642394,
      "species_accuracy": 0.7825990915298462,
      "species_balanced_accuracy": 0.5625855036907725,
      "domain_accuracy": 0.9405151009559631,
      "domain_balanced_accuracy": 0.4429297748953104,
      "species_ba_D1": 0.3877289420148979,
      "species_ba_D3": 0.29503677288691205,
      "species_ba_D4": 0.1621621549129486,
      "species_ba_D5": 0.8799647490183512,
      "species_ba_D2": 0.3475044720495741,
      "num_prediction_rows": 27217,
      "num_seen_samples": 23015,
      "num_unseen_samples": 4202,
      "BA_seen": 0.8795594473679861,
      "BA_unseen": 0.19420934401245582,
      "DSG": 0.6853501033555303,
      "split": "test",
      "checkpoint_path": "outputs/MTRCNN_seed8192_B64_E100_earlystop_min10_pati5/model/model_best.pth"
    },
    "validation_metrics_path": "outputs/MTRCNN_seed8192_B64_E100_earlystop_min10_pati5/best_model_eval/validation_metrics.json",
    "validation_predictions_path": "outputs/MTRCNN_seed8192_B64_E100_earlystop_min10_pati5/best_model_eval/validation_predictions.jsonl",
    "test_metrics_path": "outputs/MTRCNN_seed8192_B64_E100_earlystop_min10_pati5/best_model_eval/test_metrics.json",
    "test_predictions_path": "outputs/MTRCNN_seed8192_B64_E100_earlystop_min10_pati5/best_model_eval/test_predictions.jsonl"
  },
  "final_model_eval": {
    "output_dir": "outputs/MTRCNN_seed8192_B64_E100_earlystop_min10_pati5/final_model_eval",
    "validation_metrics": {
      "loss": 0.25351327473080054,
      "species_loss": 0.25107495171798444,
      "domain_loss": 0.0024383252472991402,
      "species_accuracy": 0.9061148166656494,
      "species_balanced_accuracy": 0.8366860747337341,
      "domain_accuracy": 0.9990496635437012,
      "domain_balanced_accuracy": 0.7691352188587188,
      "species_ba_D1": 0.8020833333333334,
      "species_ba_D4": 0.5,
      "species_ba_D5": 0.8813379108905792,
      "species_ba_D3": 0.43174604574839276,
      "species_ba_D2": 0.9772727191448212,
      "num_prediction_rows": 30516,
      "split": "validation",
      "checkpoint_path": "outputs/MTRCNN_seed8192_B64_E100_earlystop_min10_pati5/model/model_final.pth"
    },
    "test_metrics": {
      "loss": 1.607754916151932,
      "species_loss": 1.3073040986856932,
      "domain_loss": 0.30045081660694384,
      "species_accuracy": 0.7916375994682312,
      "species_balanced_accuracy": 0.5478370239337286,
      "domain_accuracy": 0.950141429901123,
      "domain_balanced_accuracy": 0.48480392098426817,
      "species_ba_D1": 0.4766216436789061,
      "species_ba_D3": 0.7358047465483347,
      "species_ba_D4": 0.11148648709058762,
      "species_ba_D5": 0.8813712696234385,
      "species_ba_D2": 0.3613983852167924,
      "num_prediction_rows": 27217,
      "num_seen_samples": 23015,
      "num_unseen_samples": 4202,
      "BA_seen": 0.8813759982585907,
      "BA_unseen": 0.2118676696231382,
      "DSG": 0.6695083286354525,
      "split": "test",
      "checkpoint_path": "outputs/MTRCNN_seed8192_B64_E100_earlystop_min10_pati5/model/model_final.pth"
    },
    "validation_metrics_path": "outputs/MTRCNN_seed8192_B64_E100_earlystop_min10_pati5/final_model_eval/validation_metrics.json",
    "validation_predictions_path": "outputs/MTRCNN_seed8192_B64_E100_earlystop_min10_pati5/final_model_eval/validation_predictions.jsonl",
    "test_metrics_path": "outputs/MTRCNN_seed8192_B64_E100_earlystop_min10_pati5/final_model_eval/test_metrics.json",
    "test_predictions_path": "outputs/MTRCNN_seed8192_B64_E100_earlystop_min10_pati5/final_model_eval/test_predictions.jsonl"
  }
}