{
  "seed": 10086,
  "output_dir": "outputs/MTRCNN_seed10086_B64_E100_earlystop_min10_pati5",
  "best_checkpoint_path": "outputs/MTRCNN_seed10086_B64_E100_earlystop_min10_pati5/model/model_best.pth",
  "final_checkpoint_path": "outputs/MTRCNN_seed10086_B64_E100_earlystop_min10_pati5/model/model_final.pth",
  "best_model_eval": {
    "output_dir": "outputs/MTRCNN_seed10086_B64_E100_earlystop_min10_pati5/best_model_eval",
    "validation_metrics": {
      "loss": 0.24328855862731294,
      "species_loss": 0.24074279349132635,
      "domain_loss": 0.002545767284526158,
      "species_accuracy": 0.9118494987487793,
      "species_balanced_accuracy": 0.8540423578686185,
      "domain_accuracy": 0.9992790818214417,
      "domain_balanced_accuracy": 0.7419824004173279,
      "species_ba_D1": 0.8489583333333334,
      "species_ba_D4": 0.25,
      "species_ba_D5": 0.8867066701253256,
      "species_ba_D3": 0.4539682666460673,
      "species_ba_D2": 0.8125,
      "num_prediction_rows": 30516,
      "split": "validation",
      "checkpoint_path": "outputs/MTRCNN_seed10086_B64_E100_earlystop_min10_pati5/model/model_best.pth"
    },
    "test_metrics": {
      "loss": 1.5959348747411124,
      "species_loss": 1.1712758084029025,
      "domain_loss": 0.42465906663460046,
      "species_accuracy": 0.7891023755073547,
      "species_balanced_accuracy": 0.5543317033184899,
      "domain_accuracy": 0.9036263823509216,
      "domain_balanced_accuracy": 0.4604306578636169,
      "species_ba_D1": 0.45430403218294185,
      "species_ba_D3": 0.25,
      "species_ba_D4": 0.14189189672470093,
      "species_ba_D5": 0.8857088387012482,
      "species_ba_D2": 0.2861952930688858,
      "num_prediction_rows": 27217,
      "num_seen_samples": 23015,
      "num_unseen_samples": 4202,
      "BA_seen": 0.8853757381439209,
      "BA_unseen": 0.1690028045947353,
      "DSG": 0.7163729335491856,
      "split": "test",
      "checkpoint_path": "outputs/MTRCNN_seed10086_B64_E100_earlystop_min10_pati5/model/model_best.pth"
    },
    "validation_metrics_path": "outputs/MTRCNN_seed10086_B64_E100_earlystop_min10_pati5/best_model_eval/validation_metrics.json",
    "validation_predictions_path": "outputs/MTRCNN_seed10086_B64_E100_earlystop_min10_pati5/best_model_eval/validation_predictions.jsonl",
    "test_metrics_path": "outputs/MTRCNN_seed10086_B64_E100_earlystop_min10_pati5/best_model_eval/test_metrics.json",
    "test_predictions_path": "outputs/MTRCNN_seed10086_B64_E100_earlystop_min10_pati5/best_model_eval/test_predictions.jsonl"
  },
  "final_model_eval": {
    "output_dir": "outputs/MTRCNN_seed10086_B64_E100_earlystop_min10_pati5/final_model_eval",
    "validation_metrics": {
      "loss": 0.24075184999828786,
      "species_loss": 0.23836160479102245,
      "domain_loss": 0.0023902470973020855,
      "species_accuracy": 0.9123082756996155,
      "species_balanced_accuracy": 0.8507486912939284,
      "domain_accuracy": 0.9992135167121887,
      "domain_balanced_accuracy": 0.7407088160514832,
      "species_ba_D1": 0.8368055522441864,
      "species_ba_D4": 0.5,
      "species_ba_D5": 0.8951034446557363,
      "species_ba_D3": 0.420634925365448,
      "species_ba_D2": 0.8522727191448212,
      "num_prediction_rows": 30516,
      "split": "validation",
      "checkpoint_path": "outputs/MTRCNN_seed10086_B64_E100_earlystop_min10_pati5/model/model_final.pth"
    },
    "test_metrics": {
      "loss": 1.7137370831230487,
      "species_loss": 1.222731623817245,
      "domain_loss": 0.4910054575326734,
      "species_accuracy": 0.7842892408370972,
      "species_balanced_accuracy": 0.5526131060388353,
      "domain_accuracy": 0.9014219045639038,
      "domain_balanced_accuracy": 0.46200710609555246,
      "species_ba_D1": 0.41534417171108845,
      "species_ba_D3": 0.26470587650934857,
      "species_ba_D4": 0.125,
      "species_ba_D5": 0.8911407192548116,
      "species_ba_D2": 0.36195285121599835,
      "num_prediction_rows": 27217,
      "num_seen_samples": 23015,
      "num_unseen_samples": 4202,
      "BA_seen": 0.8907757699489594,
      "BA_unseen": 0.1722902907187947,
      "DSG": 0.7184854792301647,
      "split": "test",
      "checkpoint_path": "outputs/MTRCNN_seed10086_B64_E100_earlystop_min10_pati5/model/model_final.pth"
    },
    "validation_metrics_path": "outputs/MTRCNN_seed10086_B64_E100_earlystop_min10_pati5/final_model_eval/validation_metrics.json",
    "validation_predictions_path": "outputs/MTRCNN_seed10086_B64_E100_earlystop_min10_pati5/final_model_eval/validation_predictions.jsonl",
    "test_metrics_path": "outputs/MTRCNN_seed10086_B64_E100_earlystop_min10_pati5/final_model_eval/test_metrics.json",
    "test_predictions_path": "outputs/MTRCNN_seed10086_B64_E100_earlystop_min10_pati5/final_model_eval/test_predictions.jsonl"
  }
}