{
  "seed": 10086,
  "output_dir": "outputs/MTRCNN_seed10086_B64_E100_earlystop_min10_pati5",
  "best_checkpoint_path": "outputs/MTRCNN_seed10086_B64_E100_earlystop_min10_pati5/model/model_best.pth",
  "final_checkpoint_path": "outputs/MTRCNN_seed10086_B64_E100_earlystop_min10_pati5/model/model_final.pth",
  "best_model_eval": {
    "output_dir": "outputs/MTRCNN_seed10086_B64_E100_earlystop_min10_pati5/best_model_eval",
    "validation_metrics": {
      "loss": 0.249074535438172,
      "species_loss": 0.24644375432228194,
      "domain_loss": 0.0026307832904796675,
      "species_accuracy": 0.9088019132614136,
      "species_balanced_accuracy": 0.8575384219487509,
      "domain_accuracy": 0.9993445873260498,
      "domain_balanced_accuracy": 0.7514478087425231,
      "species_ba_D1": 0.799107144276301,
      "species_ba_D4": 0.0,
      "species_ba_D5": 0.8988209267457327,
      "species_ba_D3": 0.45079365372657776,
      "species_ba_D2": 0.875,
      "num_prediction_rows": 30516,
      "split": "validation",
      "checkpoint_path": "outputs/MTRCNN_seed10086_B64_E100_earlystop_min10_pati5/model/model_best.pth"
    },
    "test_metrics": {
      "loss": 1.6371866926657324,
      "species_loss": 1.1789285745779619,
      "domain_loss": 0.4582581214730994,
      "species_accuracy": 0.7805415987968445,
      "species_balanced_accuracy": 0.5468483480314413,
      "domain_accuracy": 0.9337546229362488,
      "domain_balanced_accuracy": 0.5095079928636551,
      "species_ba_D1": 0.401750600275894,
      "species_ba_D3": 0.26470587650934857,
      "species_ba_D4": 0.14087837655097246,
      "species_ba_D5": 0.8993228077888489,
      "species_ba_D2": 0.32154881457487744,
      "num_prediction_rows": 27217,
      "num_seen_samples": 23015,
      "num_unseen_samples": 4202,
      "BA_seen": 0.8988375266393026,
      "BA_unseen": 0.1660762174675862,
      "DSG": 0.7327613091717164,
      "split": "test",
      "checkpoint_path": "outputs/MTRCNN_seed10086_B64_E100_earlystop_min10_pati5/model/model_best.pth"
    },
    "validation_metrics_path": "outputs/MTRCNN_seed10086_B64_E100_earlystop_min10_pati5/best_model_eval/validation_metrics.json",
    "validation_predictions_path": "outputs/MTRCNN_seed10086_B64_E100_earlystop_min10_pati5/best_model_eval/validation_predictions.jsonl",
    "test_metrics_path": "outputs/MTRCNN_seed10086_B64_E100_earlystop_min10_pati5/best_model_eval/test_metrics.json",
    "test_predictions_path": "outputs/MTRCNN_seed10086_B64_E100_earlystop_min10_pati5/best_model_eval/test_predictions.jsonl"
  },
  "final_model_eval": {
    "output_dir": "outputs/MTRCNN_seed10086_B64_E100_earlystop_min10_pati5/final_model_eval",
    "validation_metrics": {
      "loss": 0.2292524663635656,
      "species_loss": 0.2262696713406428,
      "domain_loss": 0.002982797254184706,
      "species_accuracy": 0.9181085228919983,
      "species_balanced_accuracy": 0.8476162287924025,
      "domain_accuracy": 0.9991152286529541,
      "domain_balanced_accuracy": 0.8648283123970032,
      "species_ba_D1": 0.796875,
      "species_ba_D4": 0.0,
      "species_ba_D5": 0.8972435295581818,
      "species_ba_D3": 0.43492063879966736,
      "species_ba_D2": 0.875,
      "num_prediction_rows": 30516,
      "split": "validation",
      "checkpoint_path": "outputs/MTRCNN_seed10086_B64_E100_earlystop_min10_pati5/model/model_final.pth"
    },
    "test_metrics": {
      "loss": 1.7816763270363254,
      "species_loss": 1.156825576736635,
      "domain_loss": 0.624850752399012,
      "species_accuracy": 0.7912334203720093,
      "species_balanced_accuracy": 0.5458980239927769,
      "domain_accuracy": 0.8961678147315979,
      "domain_balanced_accuracy": 0.4733417898416519,
      "species_ba_D1": 0.43163684747802716,
      "species_ba_D3": 0.24509803454081217,
      "species_ba_D4": 0.13074324000626802,
      "species_ba_D5": 0.891932080189387,
      "species_ba_D2": 0.3257113613653928,
      "num_prediction_rows": 27217,
      "num_seen_samples": 23015,
      "num_unseen_samples": 4202,
      "BA_seen": 0.8915849328041077,
      "BA_unseen": 0.15782892468592358,
      "DSG": 0.7337560081181841,
      "split": "test",
      "checkpoint_path": "outputs/MTRCNN_seed10086_B64_E100_earlystop_min10_pati5/model/model_final.pth"
    },
    "validation_metrics_path": "outputs/MTRCNN_seed10086_B64_E100_earlystop_min10_pati5/final_model_eval/validation_metrics.json",
    "validation_predictions_path": "outputs/MTRCNN_seed10086_B64_E100_earlystop_min10_pati5/final_model_eval/validation_predictions.jsonl",
    "test_metrics_path": "outputs/MTRCNN_seed10086_B64_E100_earlystop_min10_pati5/final_model_eval/test_metrics.json",
    "test_predictions_path": "outputs/MTRCNN_seed10086_B64_E100_earlystop_min10_pati5/final_model_eval/test_predictions.jsonl"
  }
}