{
  "seed": 4096,
  "output_dir": "outputs/MTRCNN_seed4096_B64_E100_earlystop_min10_pati5",
  "best_checkpoint_path": "outputs/MTRCNN_seed4096_B64_E100_earlystop_min10_pati5/model/model_best.pth",
  "final_checkpoint_path": "outputs/MTRCNN_seed4096_B64_E100_earlystop_min10_pati5/model/model_final.pth",
  "best_model_eval": {
    "output_dir": "outputs/MTRCNN_seed4096_B64_E100_earlystop_min10_pati5/best_model_eval",
    "validation_metrics": {
      "loss": 0.2753034758630338,
      "species_loss": 0.2725917401217922,
      "domain_loss": 0.002711737882605884,
      "species_accuracy": 0.8985122442245483,
      "species_balanced_accuracy": 0.8333712816238403,
      "domain_accuracy": 0.9991807341575623,
      "domain_balanced_accuracy": 0.8589544057846069,
      "species_ba_D1": 0.7395833333333334,
      "species_ba_D4": 0.25,
      "species_ba_D5": 0.8800794184207916,
      "species_ba_D3": 0.7015873193740845,
      "species_ba_D2": 1.0,
      "num_prediction_rows": 30516,
      "split": "validation",
      "checkpoint_path": "outputs/MTRCNN_seed4096_B64_E100_earlystop_min10_pati5/model/model_best.pth"
    },
    "test_metrics": {
      "loss": 1.394571783001451,
      "species_loss": 1.1570910231186715,
      "domain_loss": 0.23748076135145468,
      "species_accuracy": 0.7766469717025757,
      "species_balanced_accuracy": 0.5470465992887815,
      "domain_accuracy": 0.9325054287910461,
      "domain_balanced_accuracy": 0.5034669056534767,
      "species_ba_D1": 0.3731074457464274,
      "species_ba_D3": 0.45588235060373944,
      "species_ba_D4": 0.25337837636470795,
      "species_ba_D5": 0.8769383430480957,
      "species_ba_D2": 0.3701493789752324,
      "num_prediction_rows": 27217,
      "num_seen_samples": 23015,
      "num_unseen_samples": 4202,
      "BA_seen": 0.8766004542509714,
      "BA_unseen": 0.1843138701450597,
      "DSG": 0.6922865841059117,
      "split": "test",
      "checkpoint_path": "outputs/MTRCNN_seed4096_B64_E100_earlystop_min10_pati5/model/model_best.pth"
    },
    "validation_metrics_path": "outputs/MTRCNN_seed4096_B64_E100_earlystop_min10_pati5/best_model_eval/validation_metrics.json",
    "validation_predictions_path": "outputs/MTRCNN_seed4096_B64_E100_earlystop_min10_pati5/best_model_eval/validation_predictions.jsonl",
    "test_metrics_path": "outputs/MTRCNN_seed4096_B64_E100_earlystop_min10_pati5/best_model_eval/test_metrics.json",
    "test_predictions_path": "outputs/MTRCNN_seed4096_B64_E100_earlystop_min10_pati5/best_model_eval/test_predictions.jsonl"
  },
  "final_model_eval": {
    "output_dir": "outputs/MTRCNN_seed4096_B64_E100_earlystop_min10_pati5/final_model_eval",
    "validation_metrics": {
      "loss": 0.25441356897820766,
      "species_loss": 0.251328708877384,
      "domain_loss": 0.0030848622767008214,
      "species_accuracy": 0.9073600769042969,
      "species_balanced_accuracy": 0.8287980291578505,
      "domain_accuracy": 0.9988858103752136,
      "domain_balanced_accuracy": 0.7599213778972626,
      "species_ba_D1": 0.7638888955116272,
      "species_ba_D4": 0.25,
      "species_ba_D5": 0.879917323589325,
      "species_ba_D3": 0.560317466656367,
      "species_ba_D2": 1.0,
      "num_prediction_rows": 30516,
      "split": "validation",
      "checkpoint_path": "outputs/MTRCNN_seed4096_B64_E100_earlystop_min10_pati5/model/model_final.pth"
    },
    "test_metrics": {
      "loss": 1.4430563685155848,
      "species_loss": 1.1667172212866113,
      "domain_loss": 0.2763391479045797,
      "species_accuracy": 0.7839952707290649,
      "species_balanced_accuracy": 0.5362571974595388,
      "domain_accuracy": 0.9316603541374207,
      "domain_balanced_accuracy": 0.4253773495554924,
      "species_ba_D1": 0.41419414213548106,
      "species_ba_D3": 0.28778594080358744,
      "species_ba_D4": 0.12837837636470795,
      "species_ba_D5": 0.8745585978031158,
      "species_ba_D2": 0.3179969883834322,
      "num_prediction_rows": 27217,
      "num_seen_samples": 23015,
      "num_unseen_samples": 4202,
      "BA_seen": 0.8741855422655741,
      "BA_unseen": 0.16871201122800508,
      "DSG": 0.705473531037569,
      "split": "test",
      "checkpoint_path": "outputs/MTRCNN_seed4096_B64_E100_earlystop_min10_pati5/model/model_final.pth"
    },
    "validation_metrics_path": "outputs/MTRCNN_seed4096_B64_E100_earlystop_min10_pati5/final_model_eval/validation_metrics.json",
    "validation_predictions_path": "outputs/MTRCNN_seed4096_B64_E100_earlystop_min10_pati5/final_model_eval/validation_predictions.jsonl",
    "test_metrics_path": "outputs/MTRCNN_seed4096_B64_E100_earlystop_min10_pati5/final_model_eval/test_metrics.json",
    "test_predictions_path": "outputs/MTRCNN_seed4096_B64_E100_earlystop_min10_pati5/final_model_eval/test_predictions.jsonl"
  }
}