{
  "seed": 4096,
  "output_dir": "outputs/MTRCNN_seed4096_B64_E100_earlystop_min10_pati5",
  "best_checkpoint_path": "outputs/MTRCNN_seed4096_B64_E100_earlystop_min10_pati5/model/model_best.pth",
  "final_checkpoint_path": "outputs/MTRCNN_seed4096_B64_E100_earlystop_min10_pati5/model/model_final.pth",
  "best_model_eval": {
    "output_dir": "outputs/MTRCNN_seed4096_B64_E100_earlystop_min10_pati5/best_model_eval",
    "validation_metrics": {
      "loss": 0.27120941773660256,
      "species_loss": 0.26844765315485164,
      "domain_loss": 0.002761767399426101,
      "species_accuracy": 0.9010027647018433,
      "species_balanced_accuracy": 0.8333033819993337,
      "domain_accuracy": 0.9989513754844666,
      "domain_balanced_accuracy": 0.7077279925346375,
      "species_ba_D1": 0.7899305522441864,
      "species_ba_D4": 0.25,
      "species_ba_D5": 0.8867121736208597,
      "species_ba_D3": 0.32698413729667664,
      "species_ba_D2": 0.8295454680919647,
      "num_prediction_rows": 30516,
      "split": "validation",
      "checkpoint_path": "outputs/MTRCNN_seed4096_B64_E100_earlystop_min10_pati5/model/model_best.pth"
    },
    "test_metrics": {
      "loss": 1.4565619687694231,
      "species_loss": 1.1698614420607658,
      "domain_loss": 0.28670053066583506,
      "species_accuracy": 0.7765367031097412,
      "species_balanced_accuracy": 0.5255262984169854,
      "domain_accuracy": 0.9256714582443237,
      "domain_balanced_accuracy": 0.4969170721247792,
      "species_ba_D1": 0.4557692337160309,
      "species_ba_D3": 0.27941177288691205,
      "species_ba_D4": 0.07094594836235046,
      "species_ba_D5": 0.8816523651281992,
      "species_ba_D2": 0.3730904807647069,
      "num_prediction_rows": 27217,
      "num_seen_samples": 23015,
      "num_unseen_samples": 4202,
      "BA_seen": 0.8813905119895935,
      "BA_unseen": 0.158698545768857,
      "DSG": 0.7226919662207365,
      "split": "test",
      "checkpoint_path": "outputs/MTRCNN_seed4096_B64_E100_earlystop_min10_pati5/model/model_best.pth"
    },
    "validation_metrics_path": "outputs/MTRCNN_seed4096_B64_E100_earlystop_min10_pati5/best_model_eval/validation_metrics.json",
    "validation_predictions_path": "outputs/MTRCNN_seed4096_B64_E100_earlystop_min10_pati5/best_model_eval/validation_predictions.jsonl",
    "test_metrics_path": "outputs/MTRCNN_seed4096_B64_E100_earlystop_min10_pati5/best_model_eval/test_metrics.json",
    "test_predictions_path": "outputs/MTRCNN_seed4096_B64_E100_earlystop_min10_pati5/best_model_eval/test_predictions.jsonl"
  },
  "final_model_eval": {
    "output_dir": "outputs/MTRCNN_seed4096_B64_E100_earlystop_min10_pati5/final_model_eval",
    "validation_metrics": {
      "loss": 0.2665929011054276,
      "species_loss": 0.26361806189896053,
      "domain_loss": 0.0029748417849792944,
      "species_accuracy": 0.9032966494560242,
      "species_balanced_accuracy": 0.823417517873976,
      "domain_accuracy": 0.9990496635437012,
      "domain_balanced_accuracy": 0.7331852316856384,
      "species_ba_D1": 0.7765151560306549,
      "species_ba_D4": 0.0,
      "species_ba_D5": 0.8707247773806254,
      "species_ba_D3": 0.4174603223800659,
      "species_ba_D2": 0.875,
      "num_prediction_rows": 30516,
      "split": "validation",
      "checkpoint_path": "outputs/MTRCNN_seed4096_B64_E100_earlystop_min10_pati5/model/model_final.pth"
    },
    "test_metrics": {
      "loss": 1.4599979367498863,
      "species_loss": 1.1499274762071998,
      "domain_loss": 0.3100704614271565,
      "species_accuracy": 0.7842892408370972,
      "species_balanced_accuracy": 0.543620937400394,
      "domain_accuracy": 0.9078516960144043,
      "domain_balanced_accuracy": 0.4767794344574213,
      "species_ba_D1": 0.4149572725291364,
      "species_ba_D3": 0.28114788404976326,
      "species_ba_D4": 0.1317567527294159,
      "species_ba_D5": 0.8695168892542521,
      "species_ba_D2": 0.34315710328519344,
      "num_prediction_rows": 27217,
      "num_seen_samples": 23015,
      "num_unseen_samples": 4202,
      "BA_seen": 0.8692247271537781,
      "BA_unseen": 0.1742507790137703,
      "DSG": 0.6949739481400078,
      "split": "test",
      "checkpoint_path": "outputs/MTRCNN_seed4096_B64_E100_earlystop_min10_pati5/model/model_final.pth"
    },
    "validation_metrics_path": "outputs/MTRCNN_seed4096_B64_E100_earlystop_min10_pati5/final_model_eval/validation_metrics.json",
    "validation_predictions_path": "outputs/MTRCNN_seed4096_B64_E100_earlystop_min10_pati5/final_model_eval/validation_predictions.jsonl",
    "test_metrics_path": "outputs/MTRCNN_seed4096_B64_E100_earlystop_min10_pati5/final_model_eval/test_metrics.json",
    "test_predictions_path": "outputs/MTRCNN_seed4096_B64_E100_earlystop_min10_pati5/final_model_eval/test_predictions.jsonl"
  }
}