domain,mean_test_species_ba,std_test_species_ba
D1,0.428582,0.025449
D2,0.339512,0.079249
D3,0.316748,0.075042
D4,0.117568,0.056829
D5,0.880932,0.010795
