{
  "seed": 3407,
  "output_dir": "outputs/MTRCNN_seed3407_B64_E100_earlystop_min10_pati5",
  "best_checkpoint_path": "outputs/MTRCNN_seed3407_B64_E100_earlystop_min10_pati5/model/model_best.pth",
  "final_checkpoint_path": "outputs/MTRCNN_seed3407_B64_E100_earlystop_min10_pati5/model/model_final.pth",
  "best_model_eval": {
    "output_dir": "outputs/MTRCNN_seed3407_B64_E100_earlystop_min10_pati5/best_model_eval",
    "validation_metrics": {
      "loss": 0.28155802541656355,
      "species_loss": 0.2787633334173636,
      "domain_loss": 0.002794694844012293,
      "species_accuracy": 0.8970048427581787,
      "species_balanced_accuracy": 0.8333211110697852,
      "domain_accuracy": 0.9991152286529541,
      "domain_balanced_accuracy": 0.711871063709259,
      "species_ba_D1": 0.824652781089147,
      "species_ba_D4": 0.0,
      "species_ba_D5": 0.8860729237397512,
      "species_ba_D3": 0.34761905173460644,
      "species_ba_D2": 1.0,
      "num_prediction_rows": 30516,
      "split": "validation",
      "checkpoint_path": "outputs/MTRCNN_seed3407_B64_E100_earlystop_min10_pati5/model/model_best.pth"
    },
    "test_metrics": {
      "loss": 1.6086358236600191,
      "species_loss": 1.2173663135590553,
      "domain_loss": 0.3912695105113824,
      "species_accuracy": 0.7688209414482117,
      "species_balanced_accuracy": 0.5493929502036836,
      "domain_accuracy": 0.9332770109176636,
      "domain_balanced_accuracy": 0.5039630830287933,
      "species_ba_D1": 0.4287545830205393,
      "species_ba_D3": 0.4460784395535787,
      "species_ba_D4": 0.15202702581882477,
      "species_ba_D5": 0.8804820875326792,
      "species_ba_D2": 0.34811519520978135,
      "num_prediction_rows": 27217,
      "num_seen_samples": 23015,
      "num_unseen_samples": 4202,
      "BA_seen": 0.8802816271781921,
      "BA_unseen": 0.18427273280556417,
      "DSG": 0.6960088943726279,
      "split": "test",
      "checkpoint_path": "outputs/MTRCNN_seed3407_B64_E100_earlystop_min10_pati5/model/model_best.pth"
    },
    "validation_metrics_path": "outputs/MTRCNN_seed3407_B64_E100_earlystop_min10_pati5/best_model_eval/validation_metrics.json",
    "validation_predictions_path": "outputs/MTRCNN_seed3407_B64_E100_earlystop_min10_pati5/best_model_eval/validation_predictions.jsonl",
    "test_metrics_path": "outputs/MTRCNN_seed3407_B64_E100_earlystop_min10_pati5/best_model_eval/test_metrics.json",
    "test_predictions_path": "outputs/MTRCNN_seed3407_B64_E100_earlystop_min10_pati5/best_model_eval/test_predictions.jsonl"
  },
  "final_model_eval": {
    "output_dir": "outputs/MTRCNN_seed3407_B64_E100_earlystop_min10_pati5/final_model_eval",
    "validation_metrics": {
      "loss": 0.2691857246380557,
      "species_loss": 0.2663056792926752,
      "domain_loss": 0.002880047946121605,
      "species_accuracy": 0.9010682702064514,
      "species_balanced_accuracy": 0.8175230854087405,
      "domain_accuracy": 0.998984158039093,
      "domain_balanced_accuracy": 0.6849449634552002,
      "species_ba_D1": 0.8211805522441864,
      "species_ba_D4": 0.0,
      "species_ba_D5": 0.8652864495913187,
      "species_ba_D3": 0.3603174686431885,
      "species_ba_D2": 0.9375,
      "num_prediction_rows": 30516,
      "split": "validation",
      "checkpoint_path": "outputs/MTRCNN_seed3407_B64_E100_earlystop_min10_pati5/model/model_final.pth"
    },
    "test_metrics": {
      "loss": 1.7536201433199499,
      "species_loss": 1.3390330101585686,
      "domain_loss": 0.41458713407924586,
      "species_accuracy": 0.7824521660804749,
      "species_balanced_accuracy": 0.5297166994876332,
      "domain_accuracy": 0.9445199966430664,
      "domain_balanced_accuracy": 0.49566419422626495,
      "species_ba_D1": 0.4528769869745399,
      "species_ba_D3": 0.2768586538732052,
      "species_ba_D4": 0.10810811072587967,
      "species_ba_D5": 0.8613610168298086,
      "species_ba_D2": 0.341381186619401,
      "num_prediction_rows": 27217,
      "num_seen_samples": 23015,
      "num_unseen_samples": 4202,
      "BA_seen": 0.861164003610611,
      "BA_unseen": 0.161866093494205,
      "DSG": 0.699297910116406,
      "split": "test",
      "checkpoint_path": "outputs/MTRCNN_seed3407_B64_E100_earlystop_min10_pati5/model/model_final.pth"
    },
    "validation_metrics_path": "outputs/MTRCNN_seed3407_B64_E100_earlystop_min10_pati5/final_model_eval/validation_metrics.json",
    "validation_predictions_path": "outputs/MTRCNN_seed3407_B64_E100_earlystop_min10_pati5/final_model_eval/validation_predictions.jsonl",
    "test_metrics_path": "outputs/MTRCNN_seed3407_B64_E100_earlystop_min10_pati5/final_model_eval/test_metrics.json",
    "test_predictions_path": "outputs/MTRCNN_seed3407_B64_E100_earlystop_min10_pati5/final_model_eval/test_predictions.jsonl"
  }
}