{
  "seed": 3407,
  "output_dir": "outputs/MTRCNN_seed3407_B64_E100_earlystop_min10_pati5",
  "best_checkpoint_path": "outputs/MTRCNN_seed3407_B64_E100_earlystop_min10_pati5/model/model_best.pth",
  "final_checkpoint_path": "outputs/MTRCNN_seed3407_B64_E100_earlystop_min10_pati5/model/model_final.pth",
  "best_model_eval": {
    "output_dir": "outputs/MTRCNN_seed3407_B64_E100_earlystop_min10_pati5/best_model_eval",
    "validation_metrics": {
      "loss": 0.2769596622895151,
      "species_loss": 0.27388663403454866,
      "domain_loss": 0.00307303095775587,
      "species_accuracy": 0.8976930379867554,
      "species_balanced_accuracy": 0.834317492114173,
      "domain_accuracy": 0.998984158039093,
      "domain_balanced_accuracy": 0.6880974888801574,
      "species_ba_D1": 0.862847218910853,
      "species_ba_D4": 0.5,
      "species_ba_D5": 0.8786226511001587,
      "species_ba_D3": 0.30317460497220355,
      "species_ba_D2": 0.8522727191448212,
      "num_prediction_rows": 30516,
      "split": "validation",
      "checkpoint_path": "outputs/MTRCNN_seed3407_B64_E100_earlystop_min10_pati5/model/model_best.pth"
    },
    "test_metrics": {
      "loss": 1.4197785173714899,
      "species_loss": 1.0525774057988444,
      "domain_loss": 0.36720111550695317,
      "species_accuracy": 0.7722746729850769,
      "species_balanced_accuracy": 0.506582171552711,
      "domain_accuracy": 0.9353712797164917,
      "domain_balanced_accuracy": 0.46959220319986344,
      "species_ba_D1": 0.43067765996480983,
      "species_ba_D3": 0.27624591859057546,
      "species_ba_D4": 0.054054055362939835,
      "species_ba_D5": 0.8711129824320475,
      "species_ba_D2": 0.2664392540852229,
      "num_prediction_rows": 27217,
      "num_seen_samples": 23015,
      "num_unseen_samples": 4202,
      "BA_seen": 0.8707049190998077,
      "BA_unseen": 0.15076767803273267,
      "DSG": 0.719937241067075,
      "split": "test",
      "checkpoint_path": "outputs/MTRCNN_seed3407_B64_E100_earlystop_min10_pati5/model/model_best.pth"
    },
    "validation_metrics_path": "outputs/MTRCNN_seed3407_B64_E100_earlystop_min10_pati5/best_model_eval/validation_metrics.json",
    "validation_predictions_path": "outputs/MTRCNN_seed3407_B64_E100_earlystop_min10_pati5/best_model_eval/validation_predictions.jsonl",
    "test_metrics_path": "outputs/MTRCNN_seed3407_B64_E100_earlystop_min10_pati5/best_model_eval/test_metrics.json",
    "test_predictions_path": "outputs/MTRCNN_seed3407_B64_E100_earlystop_min10_pati5/best_model_eval/test_predictions.jsonl"
  },
  "final_model_eval": {
    "output_dir": "outputs/MTRCNN_seed3407_B64_E100_earlystop_min10_pati5/final_model_eval",
    "validation_metrics": {
      "loss": 0.2823301558864249,
      "species_loss": 0.2793814941118121,
      "domain_loss": 0.0029486645326033904,
      "species_accuracy": 0.8968409895896912,
      "species_balanced_accuracy": 0.8149811426798502,
      "domain_accuracy": 0.9990168809890747,
      "domain_balanced_accuracy": 0.7005503058433533,
      "species_ba_D1": 0.7713293631871542,
      "species_ba_D4": 0.5,
      "species_ba_D5": 0.8585272133350372,
      "species_ba_D3": 0.39841270446777344,
      "species_ba_D2": 0.875,
      "num_prediction_rows": 30516,
      "split": "validation",
      "checkpoint_path": "outputs/MTRCNN_seed3407_B64_E100_earlystop_min10_pati5/model/model_final.pth"
    },
    "test_metrics": {
      "loss": 1.4022947850811083,
      "species_loss": 0.9576925689450552,
      "domain_loss": 0.4446022181583373,
      "species_accuracy": 0.7884042859077454,
      "species_balanced_accuracy": 0.5298975904782613,
      "domain_accuracy": 0.9341588020324707,
      "domain_balanced_accuracy": 0.479494509100914,
      "species_ba_D1": 0.4366300410280625,
      "species_ba_D3": 0.27308006429423887,
      "species_ba_D4": 0.06756756454706192,
      "species_ba_D5": 0.8598362505435944,
      "species_ba_D2": 0.3682127594947815,
      "num_prediction_rows": 27217,
      "num_seen_samples": 23015,
      "num_unseen_samples": 4202,
      "BA_seen": 0.8594775895277659,
      "BA_unseen": 0.19361115319447386,
      "DSG": 0.665866436333292,
      "split": "test",
      "checkpoint_path": "outputs/MTRCNN_seed3407_B64_E100_earlystop_min10_pati5/model/model_final.pth"
    },
    "validation_metrics_path": "outputs/MTRCNN_seed3407_B64_E100_earlystop_min10_pati5/final_model_eval/validation_metrics.json",
    "validation_predictions_path": "outputs/MTRCNN_seed3407_B64_E100_earlystop_min10_pati5/final_model_eval/validation_predictions.jsonl",
    "test_metrics_path": "outputs/MTRCNN_seed3407_B64_E100_earlystop_min10_pati5/final_model_eval/test_metrics.json",
    "test_predictions_path": "outputs/MTRCNN_seed3407_B64_E100_earlystop_min10_pati5/final_model_eval/test_predictions.jsonl"
  }
}