{
  "seed": 1234,
  "output_dir": "outputs/mn04_as_seed1234_B64_E100_earlystop_min10_pati5",
  "best_checkpoint_path": "outputs/mn04_as_seed1234_B64_E100_earlystop_min10_pati5/model/model_best.pth",
  "final_checkpoint_path": "outputs/mn04_as_seed1234_B64_E100_earlystop_min10_pati5/model/model_final.pth",
  "best_model_eval": {
    "output_dir": "outputs/mn04_as_seed1234_B64_E100_earlystop_min10_pati5/best_model_eval",
    "validation_metrics": {
      "loss": 0.3114303297021928,
      "species_loss": 0.300894246640539,
      "domain_loss": 0.010536084152482715,
      "species_accuracy": 0.8945798873901367,
      "species_balanced_accuracy": 0.8024772471851773,
      "domain_accuracy": 0.9967557787895203,
      "domain_balanced_accuracy": 0.6223250329494476,
      "species_ba_D1": 0.4456394265095393,
      "species_ba_D4": 0.25,
      "species_ba_D5": 0.8760033051172892,
      "species_ba_D3": 0.6730158825715383,
      "species_ba_D2": 0.3636363744735718,
      "num_prediction_rows": 30516,
      "split": "validation",
      "checkpoint_path": "outputs/mn04_as_seed1234_B64_E100_earlystop_min10_pati5/model/model_best.pth"
    },
    "test_metrics": {
      "loss": 1.25847966998568,
      "species_loss": 0.9110028193341084,
      "domain_loss": 0.3474768527243043,
      "species_accuracy": 0.7701069116592407,
      "species_balanced_accuracy": 0.47722140285703873,
      "domain_accuracy": 0.9151265621185303,
      "domain_balanced_accuracy": 0.5792218625545502,
      "species_ba_D1": 0.2610285782526868,
      "species_ba_D3": 0.6589052379131317,
      "species_ba_D4": 0.1351351346820593,
      "species_ba_D5": 0.8729589482148489,
      "species_ba_D2": 0.06047748774290085,
      "num_prediction_rows": 27217,
      "num_seen_samples": 23015,
      "num_unseen_samples": 4202,
      "BA_seen": 0.8721866110960642,
      "BA_unseen": 0.13657176519174957,
      "DSG": 0.7356148459043146,
      "split": "test",
      "checkpoint_path": "outputs/mn04_as_seed1234_B64_E100_earlystop_min10_pati5/model/model_best.pth"
    },
    "validation_metrics_path": "outputs/mn04_as_seed1234_B64_E100_earlystop_min10_pati5/best_model_eval/validation_metrics.json",
    "validation_predictions_path": "outputs/mn04_as_seed1234_B64_E100_earlystop_min10_pati5/best_model_eval/validation_predictions.jsonl",
    "test_metrics_path": "outputs/mn04_as_seed1234_B64_E100_earlystop_min10_pati5/best_model_eval/test_metrics.json",
    "test_predictions_path": "outputs/mn04_as_seed1234_B64_E100_earlystop_min10_pati5/best_model_eval/test_predictions.jsonl"
  },
  "final_model_eval": {
    "output_dir": "outputs/mn04_as_seed1234_B64_E100_earlystop_min10_pati5/final_model_eval",
    "validation_metrics": {
      "loss": 0.329834349671017,
      "species_loss": 0.3185160285191069,
      "domain_loss": 0.011318321758679948,
      "species_accuracy": 0.8991020917892456,
      "species_balanced_accuracy": 0.7330437103907267,
      "domain_accuracy": 0.997378408908844,
      "domain_balanced_accuracy": 0.5121612042188645,
      "species_ba_D1": 0.3651244640350342,
      "species_ba_D4": 0.0,
      "species_ba_D5": 0.8757507999738058,
      "species_ba_D3": 0.6698412795861562,
      "species_ba_D2": 0.5511363744735718,
      "num_prediction_rows": 30516,
      "split": "validation",
      "checkpoint_path": "outputs/mn04_as_seed1234_B64_E100_earlystop_min10_pati5/model/model_final.pth"
    },
    "test_metrics": {
      "loss": 1.3730195785811008,
      "species_loss": 1.0670655991201203,
      "domain_loss": 0.30595398035851795,
      "species_accuracy": 0.7797332406044006,
      "species_balanced_accuracy": 0.5376232630676694,
      "domain_accuracy": 0.9584818482398987,
      "domain_balanced_accuracy": 0.48370040841400624,
      "species_ba_D1": 0.2757936517397563,
      "species_ba_D3": 0.6414419859647751,
      "species_ba_D4": 0.10472972691059113,
      "species_ba_D5": 0.8756700654824575,
      "species_ba_D2": 0.2606293645997842,
      "num_prediction_rows": 27217,
      "num_seen_samples": 23015,
      "num_unseen_samples": 4202,
      "BA_seen": 0.8751985530058543,
      "BA_unseen": 0.1805703288151158,
      "DSG": 0.6946282241907384,
      "split": "test",
      "checkpoint_path": "outputs/mn04_as_seed1234_B64_E100_earlystop_min10_pati5/model/model_final.pth"
    },
    "validation_metrics_path": "outputs/mn04_as_seed1234_B64_E100_earlystop_min10_pati5/final_model_eval/validation_metrics.json",
    "validation_predictions_path": "outputs/mn04_as_seed1234_B64_E100_earlystop_min10_pati5/final_model_eval/validation_predictions.jsonl",
    "test_metrics_path": "outputs/mn04_as_seed1234_B64_E100_earlystop_min10_pati5/final_model_eval/test_metrics.json",
    "test_predictions_path": "outputs/mn04_as_seed1234_B64_E100_earlystop_min10_pati5/final_model_eval/test_predictions.jsonl"
  }
}