{
  "seed": 1234,
  "output_dir": "outputs/MTRCNN_seed1234_B64_E100_earlystop_min10_pati5",
  "best_checkpoint_path": "outputs/MTRCNN_seed1234_B64_E100_earlystop_min10_pati5/model/model_best.pth",
  "final_checkpoint_path": "outputs/MTRCNN_seed1234_B64_E100_earlystop_min10_pati5/model/model_final.pth",
  "best_model_eval": {
    "output_dir": "outputs/MTRCNN_seed1234_B64_E100_earlystop_min10_pati5/best_model_eval",
    "validation_metrics": {
      "loss": 0.25826607616281955,
      "species_loss": 0.2552399415194763,
      "domain_loss": 0.0030261370391783528,
      "species_accuracy": 0.9052300453186035,
      "species_balanced_accuracy": 0.8495882815784879,
      "domain_accuracy": 0.9987219572067261,
      "domain_balanced_accuracy": 0.8276100635528565,
      "species_ba_D1": 0.8008432586987814,
      "species_ba_D4": 0.5,
      "species_ba_D5": 0.8820866147677103,
      "species_ba_D3": 0.41904763380686444,
      "species_ba_D2": 0.9375,
      "num_prediction_rows": 30516,
      "split": "validation",
      "checkpoint_path": "outputs/MTRCNN_seed1234_B64_E100_earlystop_min10_pati5/model/model_best.pth"
    },
    "test_metrics": {
      "loss": 1.5706901723173166,
      "species_loss": 1.0937637690966227,
      "domain_loss": 0.4769264012688027,
      "species_accuracy": 0.7835543751716614,
      "species_balanced_accuracy": 0.5088916619618734,
      "domain_accuracy": 0.8949553370475769,
      "domain_balanced_accuracy": 0.526936513185501,
      "species_ba_D1": 0.4007936517397563,
      "species_ba_D3": 0.2719567082822323,
      "species_ba_D4": 0.03378378227353096,
      "species_ba_D5": 0.8790367643038431,
      "species_ba_D2": 0.31300274779399234,
      "num_prediction_rows": 27217,
      "num_seen_samples": 23015,
      "num_unseen_samples": 4202,
      "BA_seen": 0.8785410424073538,
      "BA_unseen": 0.13592742342087957,
      "DSG": 0.7426136189864742,
      "split": "test",
      "checkpoint_path": "outputs/MTRCNN_seed1234_B64_E100_earlystop_min10_pati5/model/model_best.pth"
    },
    "validation_metrics_path": "outputs/MTRCNN_seed1234_B64_E100_earlystop_min10_pati5/best_model_eval/validation_metrics.json",
    "validation_predictions_path": "outputs/MTRCNN_seed1234_B64_E100_earlystop_min10_pati5/best_model_eval/validation_predictions.jsonl",
    "test_metrics_path": "outputs/MTRCNN_seed1234_B64_E100_earlystop_min10_pati5/best_model_eval/test_metrics.json",
    "test_predictions_path": "outputs/MTRCNN_seed1234_B64_E100_earlystop_min10_pati5/best_model_eval/test_predictions.jsonl"
  },
  "final_model_eval": {
    "output_dir": "outputs/MTRCNN_seed1234_B64_E100_earlystop_min10_pati5/final_model_eval",
    "validation_metrics": {
      "loss": 0.26245756833593886,
      "species_loss": 0.25976105987347486,
      "domain_loss": 0.0026965107121477206,
      "species_accuracy": 0.9021824598312378,
      "species_balanced_accuracy": 0.8380309277110629,
      "domain_accuracy": 0.9990168809890747,
      "domain_balanced_accuracy": 0.8200628995895386,
      "species_ba_D1": 0.8038194477558136,
      "species_ba_D4": 1.0,
      "species_ba_D5": 0.8758210142453512,
      "species_ba_D3": 0.6460317571957906,
      "species_ba_D2": 0.9147727191448212,
      "num_prediction_rows": 30516,
      "split": "validation",
      "checkpoint_path": "outputs/MTRCNN_seed1234_B64_E100_earlystop_min10_pati5/model/model_final.pth"
    },
    "test_metrics": {
      "loss": 1.5341870850491897,
      "species_loss": 1.1377644627704666,
      "domain_loss": 0.3964226252192912,
      "species_accuracy": 0.7856487035751343,
      "species_balanced_accuracy": 0.5287339449342754,
      "domain_accuracy": 0.9044714570045471,
      "domain_balanced_accuracy": 0.424552845954895,
      "species_ba_D1": 0.4523809552192688,
      "species_ba_D3": 0.2820669872065385,
      "species_ba_D4": 0.07381756464019418,
      "species_ba_D5": 0.8775553703308105,
      "species_ba_D2": 0.39162909239530563,
      "num_prediction_rows": 27217,
      "num_seen_samples": 23015,
      "num_unseen_samples": 4202,
      "BA_seen": 0.8772988716761271,
      "BA_unseen": 0.16478057598902118,
      "DSG": 0.7125182956871059,
      "split": "test",
      "checkpoint_path": "outputs/MTRCNN_seed1234_B64_E100_earlystop_min10_pati5/model/model_final.pth"
    },
    "validation_metrics_path": "outputs/MTRCNN_seed1234_B64_E100_earlystop_min10_pati5/final_model_eval/validation_metrics.json",
    "validation_predictions_path": "outputs/MTRCNN_seed1234_B64_E100_earlystop_min10_pati5/final_model_eval/validation_predictions.jsonl",
    "test_metrics_path": "outputs/MTRCNN_seed1234_B64_E100_earlystop_min10_pati5/final_model_eval/test_metrics.json",
    "test_predictions_path": "outputs/MTRCNN_seed1234_B64_E100_earlystop_min10_pati5/final_model_eval/test_predictions.jsonl"
  }
}