{
  "seed": 1234,
  "output_dir": "outputs/MTRCNN_seed1234_B64_E100_earlystop_min10_pati5",
  "best_checkpoint_path": "outputs/MTRCNN_seed1234_B64_E100_earlystop_min10_pati5/model/model_best.pth",
  "final_checkpoint_path": "outputs/MTRCNN_seed1234_B64_E100_earlystop_min10_pati5/model/model_final.pth",
  "best_model_eval": {
    "output_dir": "outputs/MTRCNN_seed1234_B64_E100_earlystop_min10_pati5/best_model_eval",
    "validation_metrics": {
      "loss": 0.23362678254413702,
      "species_loss": 0.23108914547409887,
      "domain_loss": 0.002537638044834526,
      "species_accuracy": 0.9154542088508606,
      "species_balanced_accuracy": 0.8681116567717658,
      "domain_accuracy": 0.9991807341575623,
      "domain_balanced_accuracy": 0.7726572334766388,
      "species_ba_D1": 0.8020833333333334,
      "species_ba_D4": 0.5,
      "species_ba_D5": 0.9017788767814636,
      "species_ba_D3": 0.4714285731315613,
      "species_ba_D2": 1.0,
      "num_prediction_rows": 30516,
      "split": "validation",
      "checkpoint_path": "outputs/MTRCNN_seed1234_B64_E100_earlystop_min10_pati5/model/model_best.pth"
    },
    "test_metrics": {
      "loss": 1.8491296187672164,
      "species_loss": 1.4601413416230036,
      "domain_loss": 0.3889882788750494,
      "species_accuracy": 0.7876694798469543,
      "species_balanced_accuracy": 0.5261237339840995,
      "domain_accuracy": 0.9129955768585205,
      "domain_balanced_accuracy": 0.42933250069618223,
      "species_ba_D1": 0.4523809552192688,
      "species_ba_D3": 0.2615400420812269,
      "species_ba_D4": 0.03378378227353096,
      "species_ba_D5": 0.8991557856400808,
      "species_ba_D2": 0.41134896129369736,
      "num_prediction_rows": 27217,
      "num_seen_samples": 23015,
      "num_unseen_samples": 4202,
      "BA_seen": 0.8988515834013621,
      "BA_unseen": 0.14671875841708648,
      "DSG": 0.7521328249842756,
      "split": "test",
      "checkpoint_path": "outputs/MTRCNN_seed1234_B64_E100_earlystop_min10_pati5/model/model_best.pth"
    },
    "validation_metrics_path": "outputs/MTRCNN_seed1234_B64_E100_earlystop_min10_pati5/best_model_eval/validation_metrics.json",
    "validation_predictions_path": "outputs/MTRCNN_seed1234_B64_E100_earlystop_min10_pati5/best_model_eval/validation_predictions.jsonl",
    "test_metrics_path": "outputs/MTRCNN_seed1234_B64_E100_earlystop_min10_pati5/best_model_eval/test_metrics.json",
    "test_predictions_path": "outputs/MTRCNN_seed1234_B64_E100_earlystop_min10_pati5/best_model_eval/test_predictions.jsonl"
  },
  "final_model_eval": {
    "output_dir": "outputs/MTRCNN_seed1234_B64_E100_earlystop_min10_pati5/final_model_eval",
    "validation_metrics": {
      "loss": 0.23356830201358314,
      "species_loss": 0.23143048986532405,
      "domain_loss": 0.0021378130766026696,
      "species_accuracy": 0.9152247905731201,
      "species_balanced_accuracy": 0.8619149989551969,
      "domain_accuracy": 0.9994101524353027,
      "domain_balanced_accuracy": 0.8152279794216156,
      "species_ba_D1": 0.8077876965204874,
      "species_ba_D4": 0.25,
      "species_ba_D5": 0.8947399258613586,
      "species_ba_D3": 0.5015873114267985,
      "species_ba_D2": 1.0,
      "num_prediction_rows": 30516,
      "split": "validation",
      "checkpoint_path": "outputs/MTRCNN_seed1234_B64_E100_earlystop_min10_pati5/model/model_final.pth"
    },
    "test_metrics": {
      "loss": 1.8763264319766735,
      "species_loss": 1.489835093620993,
      "domain_loss": 0.38649133806780517,
      "species_accuracy": 0.7912334203720093,
      "species_balanced_accuracy": 0.54243736465772,
      "domain_accuracy": 0.9193518757820129,
      "domain_balanced_accuracy": 0.5171918272972107,
      "species_ba_D1": 0.4285714328289032,
      "species_ba_D3": 0.2745098074277242,
      "species_ba_D4": 0.09797297418117523,
      "species_ba_D5": 0.8956808050473531,
      "species_ba_D2": 0.3971979071696599,
      "num_prediction_rows": 27217,
      "num_seen_samples": 23015,
      "num_unseen_samples": 4202,
      "BA_seen": 0.895348310470581,
      "BA_unseen": 0.17485352522797054,
      "DSG": 0.7204947852426105,
      "split": "test",
      "checkpoint_path": "outputs/MTRCNN_seed1234_B64_E100_earlystop_min10_pati5/model/model_final.pth"
    },
    "validation_metrics_path": "outputs/MTRCNN_seed1234_B64_E100_earlystop_min10_pati5/final_model_eval/validation_metrics.json",
    "validation_predictions_path": "outputs/MTRCNN_seed1234_B64_E100_earlystop_min10_pati5/final_model_eval/validation_predictions.jsonl",
    "test_metrics_path": "outputs/MTRCNN_seed1234_B64_E100_earlystop_min10_pati5/final_model_eval/test_metrics.json",
    "test_predictions_path": "outputs/MTRCNN_seed1234_B64_E100_earlystop_min10_pati5/final_model_eval/test_predictions.jsonl"
  }
}