{
  "seed": 2024,
  "output_dir": "outputs/MTRCNN_seed2024_B64_E100_earlystop_min10_pati5",
  "best_checkpoint_path": "outputs/MTRCNN_seed2024_B64_E100_earlystop_min10_pati5/model/model_best.pth",
  "final_checkpoint_path": "outputs/MTRCNN_seed2024_B64_E100_earlystop_min10_pati5/model/model_final.pth",
  "best_model_eval": {
    "output_dir": "outputs/MTRCNN_seed2024_B64_E100_earlystop_min10_pati5/best_model_eval",
    "validation_metrics": {
      "loss": 0.27442096883486256,
      "species_loss": 0.27169393359066113,
      "domain_loss": 0.0027270374735185055,
      "species_accuracy": 0.8992987275123596,
      "species_balanced_accuracy": 0.8427932096852196,
      "domain_accuracy": 0.9991152286529541,
      "domain_balanced_accuracy": 0.7120990633964539,
      "species_ba_D1": 0.8541666666666666,
      "species_ba_D4": 0.25,
      "species_ba_D5": 0.8713197608788809,
      "species_ba_D3": 0.600000003973643,
      "species_ba_D2": 1.0,
      "num_prediction_rows": 30516,
      "split": "validation",
      "checkpoint_path": "outputs/MTRCNN_seed2024_B64_E100_earlystop_min10_pati5/model/model_best.pth"
    },
    "test_metrics": {
      "loss": 1.4810112031519658,
      "species_loss": 1.185115765504085,
      "domain_loss": 0.2958954405382492,
      "species_accuracy": 0.7827093601226807,
      "species_balanced_accuracy": 0.5591208951340781,
      "domain_accuracy": 0.9441893100738525,
      "domain_balanced_accuracy": 0.5185622576624155,
      "species_ba_D1": 0.4248511900077574,
      "species_ba_D3": 0.26470587650934857,
      "species_ba_D4": 0.1621621549129486,
      "species_ba_D5": 0.8726813495159149,
      "species_ba_D2": 0.36959490925073624,
      "num_prediction_rows": 27217,
      "num_seen_samples": 23015,
      "num_unseen_samples": 4202,
      "BA_seen": 0.8723292152086893,
      "BA_unseen": 0.1910784176369715,
      "DSG": 0.6812507975717178,
      "split": "test",
      "checkpoint_path": "outputs/MTRCNN_seed2024_B64_E100_earlystop_min10_pati5/model/model_best.pth"
    },
    "validation_metrics_path": "outputs/MTRCNN_seed2024_B64_E100_earlystop_min10_pati5/best_model_eval/validation_metrics.json",
    "validation_predictions_path": "outputs/MTRCNN_seed2024_B64_E100_earlystop_min10_pati5/best_model_eval/validation_predictions.jsonl",
    "test_metrics_path": "outputs/MTRCNN_seed2024_B64_E100_earlystop_min10_pati5/best_model_eval/test_metrics.json",
    "test_predictions_path": "outputs/MTRCNN_seed2024_B64_E100_earlystop_min10_pati5/best_model_eval/test_predictions.jsonl"
  },
  "final_model_eval": {
    "output_dir": "outputs/MTRCNN_seed2024_B64_E100_earlystop_min10_pati5/final_model_eval",
    "validation_metrics": {
      "loss": 0.25647127911787576,
      "species_loss": 0.2538742486087778,
      "domain_loss": 0.002597033033792735,
      "species_accuracy": 0.9061148166656494,
      "species_balanced_accuracy": 0.8282378746403588,
      "domain_accuracy": 0.9991807341575623,
      "domain_balanced_accuracy": 0.7318644762039185,
      "species_ba_D1": 0.8546401560306549,
      "species_ba_D4": 0.25,
      "species_ba_D5": 0.8698413074016571,
      "species_ba_D3": 0.4333333373069763,
      "species_ba_D2": 0.9375,
      "num_prediction_rows": 30516,
      "split": "validation",
      "checkpoint_path": "outputs/MTRCNN_seed2024_B64_E100_earlystop_min10_pati5/model/model_final.pth"
    },
    "test_metrics": {
      "loss": 1.6468699829686722,
      "species_loss": 1.2630362856459125,
      "domain_loss": 0.38383370058763033,
      "species_accuracy": 0.790131151676178,
      "species_balanced_accuracy": 0.5566870859927602,
      "domain_accuracy": 0.9166697263717651,
      "domain_balanced_accuracy": 0.4890838868916035,
      "species_ba_D1": 0.4523809552192688,
      "species_ba_D3": 0.2745098074277242,
      "species_ba_D4": 0.16554054617881775,
      "species_ba_D5": 0.8685258030891418,
      "species_ba_D2": 0.2747442666441202,
      "num_prediction_rows": 27217,
      "num_seen_samples": 23015,
      "num_unseen_samples": 4202,
      "BA_seen": 0.8682331343491873,
      "BA_unseen": 0.18258419115510252,
      "DSG": 0.6856489431940848,
      "split": "test",
      "checkpoint_path": "outputs/MTRCNN_seed2024_B64_E100_earlystop_min10_pati5/model/model_final.pth"
    },
    "validation_metrics_path": "outputs/MTRCNN_seed2024_B64_E100_earlystop_min10_pati5/final_model_eval/validation_metrics.json",
    "validation_predictions_path": "outputs/MTRCNN_seed2024_B64_E100_earlystop_min10_pati5/final_model_eval/validation_predictions.jsonl",
    "test_metrics_path": "outputs/MTRCNN_seed2024_B64_E100_earlystop_min10_pati5/final_model_eval/test_metrics.json",
    "test_predictions_path": "outputs/MTRCNN_seed2024_B64_E100_earlystop_min10_pati5/final_model_eval/test_predictions.jsonl"
  }
}