{
  "seed": 2024,
  "output_dir": "outputs/MTRCNN_seed2024_B64_E100_earlystop_min10_pati5",
  "best_checkpoint_path": "outputs/MTRCNN_seed2024_B64_E100_earlystop_min10_pati5/model/model_best.pth",
  "final_checkpoint_path": "outputs/MTRCNN_seed2024_B64_E100_earlystop_min10_pati5/model/model_final.pth",
  "best_model_eval": {
    "output_dir": "outputs/MTRCNN_seed2024_B64_E100_earlystop_min10_pati5/best_model_eval",
    "validation_metrics": {
      "loss": 0.2877062172481837,
      "species_loss": 0.28533805800858936,
      "domain_loss": 0.00236816178578524,
      "species_accuracy": 0.8946126699447632,
      "species_balanced_accuracy": 0.8500713573561774,
      "domain_accuracy": 0.9992790818214417,
      "domain_balanced_accuracy": 0.741108500957489,
      "species_ba_D1": 0.8494543631871542,
      "species_ba_D4": 0.5,
      "species_ba_D5": 0.8673866093158722,
      "species_ba_D3": 0.4523809552192688,
      "species_ba_D2": 0.9375,
      "num_prediction_rows": 30516,
      "split": "validation",
      "checkpoint_path": "outputs/MTRCNN_seed2024_B64_E100_earlystop_min10_pati5/model/model_best.pth"
    },
    "test_metrics": {
      "loss": 1.630679899024378,
      "species_loss": 1.2991909119889442,
      "domain_loss": 0.3314889889224379,
      "species_accuracy": 0.777198076248169,
      "species_balanced_accuracy": 0.5413828326596154,
      "domain_accuracy": 0.9502516984939575,
      "domain_balanced_accuracy": 0.5354284586384892,
      "species_ba_D1": 0.4523809552192688,
      "species_ba_D3": 0.2745098074277242,
      "species_ba_D4": 0.11824323982000351,
      "species_ba_D5": 0.8609885275363922,
      "species_ba_D2": 0.343233456214269,
      "num_prediction_rows": 27217,
      "num_seen_samples": 23015,
      "num_unseen_samples": 4202,
      "BA_seen": 0.8607005178928375,
      "BA_unseen": 0.1843928959634569,
      "DSG": 0.6763076219293807,
      "split": "test",
      "checkpoint_path": "outputs/MTRCNN_seed2024_B64_E100_earlystop_min10_pati5/model/model_best.pth"
    },
    "validation_metrics_path": "outputs/MTRCNN_seed2024_B64_E100_earlystop_min10_pati5/best_model_eval/validation_metrics.json",
    "validation_predictions_path": "outputs/MTRCNN_seed2024_B64_E100_earlystop_min10_pati5/best_model_eval/validation_predictions.jsonl",
    "test_metrics_path": "outputs/MTRCNN_seed2024_B64_E100_earlystop_min10_pati5/best_model_eval/test_metrics.json",
    "test_predictions_path": "outputs/MTRCNN_seed2024_B64_E100_earlystop_min10_pati5/best_model_eval/test_predictions.jsonl"
  },
  "final_model_eval": {
    "output_dir": "outputs/MTRCNN_seed2024_B64_E100_earlystop_min10_pati5/final_model_eval",
    "validation_metrics": {
      "loss": 0.23995197448060887,
      "species_loss": 0.23754182497140813,
      "domain_loss": 0.002410151791025556,
      "species_accuracy": 0.9131603240966797,
      "species_balanced_accuracy": 0.8358907765812345,
      "domain_accuracy": 0.9991152286529541,
      "domain_balanced_accuracy": 0.733097493648529,
      "species_ba_D1": 0.8285984893639883,
      "species_ba_D4": 0.5,
      "species_ba_D5": 0.8886247177918752,
      "species_ba_D3": 0.38412700096766156,
      "species_ba_D2": 0.9147727191448212,
      "num_prediction_rows": 30516,
      "split": "validation",
      "checkpoint_path": "outputs/MTRCNN_seed2024_B64_E100_earlystop_min10_pati5/model/model_final.pth"
    },
    "test_metrics": {
      "loss": 1.7521008512115337,
      "species_loss": 1.3635706639031562,
      "domain_loss": 0.3885301920755531,
      "species_accuracy": 0.788992166519165,
      "species_balanced_accuracy": 0.5489921056561999,
      "domain_accuracy": 0.9377227425575256,
      "domain_balanced_accuracy": 0.5169907720759511,
      "species_ba_D1": 0.4526289710969043,
      "species_ba_D3": 0.28114788404976326,
      "species_ba_D4": 0.11148648709058762,
      "species_ba_D5": 0.8842092553774515,
      "species_ba_D2": 0.3692975826561451,
      "num_prediction_rows": 27217,
      "num_seen_samples": 23015,
      "num_unseen_samples": 4202,
      "BA_seen": 0.8839255472024282,
      "BA_unseen": 0.1739374589200856,
      "DSG": 0.7099880882823426,
      "split": "test",
      "checkpoint_path": "outputs/MTRCNN_seed2024_B64_E100_earlystop_min10_pati5/model/model_final.pth"
    },
    "validation_metrics_path": "outputs/MTRCNN_seed2024_B64_E100_earlystop_min10_pati5/final_model_eval/validation_metrics.json",
    "validation_predictions_path": "outputs/MTRCNN_seed2024_B64_E100_earlystop_min10_pati5/final_model_eval/validation_predictions.jsonl",
    "test_metrics_path": "outputs/MTRCNN_seed2024_B64_E100_earlystop_min10_pati5/final_model_eval/test_metrics.json",
    "test_predictions_path": "outputs/MTRCNN_seed2024_B64_E100_earlystop_min10_pati5/final_model_eval/test_predictions.jsonl"
  }
}