{
  "seed": 42,
  "output_dir": "outputs/mn04_as_seed42_B64_E100_earlystop_min10_pati5",
  "best_checkpoint_path": "outputs/mn04_as_seed42_B64_E100_earlystop_min10_pati5/model/model_best.pth",
  "final_checkpoint_path": "outputs/mn04_as_seed42_B64_E100_earlystop_min10_pati5/model/model_final.pth",
  "best_model_eval": {
    "output_dir": "outputs/mn04_as_seed42_B64_E100_earlystop_min10_pati5/best_model_eval",
    "validation_metrics": {
      "loss": 0.2702659646287505,
      "species_loss": 0.2635638060896969,
      "domain_loss": 0.006702159781940824,
      "species_accuracy": 0.9071306586265564,
      "species_balanced_accuracy": 0.7881528238455454,
      "domain_accuracy": 0.9980993866920471,
      "domain_balanced_accuracy": 0.6903418600559235,
      "species_ba_D1": 0.6242334097623825,
      "species_ba_D4": 0.25,
      "species_ba_D5": 0.8914241393407186,
      "species_ba_D3": 0.5587301601966222,
      "species_ba_D2": 0.8465909063816071,
      "num_prediction_rows": 30516,
      "split": "validation",
      "checkpoint_path": "outputs/mn04_as_seed42_B64_E100_earlystop_min10_pati5/model/model_best.pth"
    },
    "test_metrics": {
      "loss": 1.2190551677700443,
      "species_loss": 0.9213784025037619,
      "domain_loss": 0.2976767650459974,
      "species_accuracy": 0.788257360458374,
      "species_balanced_accuracy": 0.4914003995557626,
      "domain_accuracy": 0.935922384262085,
      "domain_balanced_accuracy": 0.5361733227968216,
      "species_ba_D1": 0.2713324079619876,
      "species_ba_D3": 0.5891544024149576,
      "species_ba_D4": 0.13851351384073496,
      "species_ba_D5": 0.8903775910536448,
      "species_ba_D2": 0.4326117088397344,
      "num_prediction_rows": 27217,
      "num_seen_samples": 23015,
      "num_unseen_samples": 4202,
      "BA_seen": 0.8900305926799774,
      "BA_unseen": 0.14653060210791105,
      "DSG": 0.7434999905720664,
      "split": "test",
      "checkpoint_path": "outputs/mn04_as_seed42_B64_E100_earlystop_min10_pati5/model/model_best.pth"
    },
    "validation_metrics_path": "outputs/mn04_as_seed42_B64_E100_earlystop_min10_pati5/best_model_eval/validation_metrics.json",
    "validation_predictions_path": "outputs/mn04_as_seed42_B64_E100_earlystop_min10_pati5/best_model_eval/validation_predictions.jsonl",
    "test_metrics_path": "outputs/mn04_as_seed42_B64_E100_earlystop_min10_pati5/best_model_eval/test_metrics.json",
    "test_predictions_path": "outputs/mn04_as_seed42_B64_E100_earlystop_min10_pati5/best_model_eval/test_predictions.jsonl"
  },
  "final_model_eval": {
    "output_dir": "outputs/mn04_as_seed42_B64_E100_earlystop_min10_pati5/final_model_eval",
    "validation_metrics": {
      "loss": 0.3070969970627242,
      "species_loss": 0.29334711896774884,
      "domain_loss": 0.013749878882171766,
      "species_accuracy": 0.9073928594589233,
      "species_balanced_accuracy": 0.7464558515283797,
      "domain_accuracy": 0.9976406097412109,
      "domain_balanced_accuracy": 0.7756603717803955,
      "species_ba_D1": 0.5043064604202906,
      "species_ba_D4": 0.0,
      "species_ba_D5": 0.8725185692310333,
      "species_ba_D3": 0.7142857213815054,
      "species_ba_D2": 0.8920454680919647,
      "num_prediction_rows": 30516,
      "split": "validation",
      "checkpoint_path": "outputs/mn04_as_seed42_B64_E100_earlystop_min10_pati5/model/model_final.pth"
    },
    "test_metrics": {
      "loss": 1.5382388852628404,
      "species_loss": 0.8295182402400288,
      "domain_loss": 0.7087206443274079,
      "species_accuracy": 0.7968549132347107,
      "species_balanced_accuracy": 0.5045079216361046,
      "domain_accuracy": 0.8835654258728027,
      "domain_balanced_accuracy": 0.4975251257419586,
      "species_ba_D1": 0.3734256694830644,
      "species_ba_D3": 0.33037173251310986,
      "species_ba_D4": 0.15202702768146992,
      "species_ba_D5": 0.8682117760181427,
      "species_ba_D2": 0.34915181373556453,
      "num_prediction_rows": 27217,
      "num_seen_samples": 23015,
      "num_unseen_samples": 4202,
      "BA_seen": 0.8678036630153656,
      "BA_unseen": 0.16207348150459844,
      "DSG": 0.7057301815107672,
      "split": "test",
      "checkpoint_path": "outputs/mn04_as_seed42_B64_E100_earlystop_min10_pati5/model/model_final.pth"
    },
    "validation_metrics_path": "outputs/mn04_as_seed42_B64_E100_earlystop_min10_pati5/final_model_eval/validation_metrics.json",
    "validation_predictions_path": "outputs/mn04_as_seed42_B64_E100_earlystop_min10_pati5/final_model_eval/validation_predictions.jsonl",
    "test_metrics_path": "outputs/mn04_as_seed42_B64_E100_earlystop_min10_pati5/final_model_eval/test_metrics.json",
    "test_predictions_path": "outputs/mn04_as_seed42_B64_E100_earlystop_min10_pati5/final_model_eval/test_predictions.jsonl"
  }
}