{
  "seed": 3407,
  "output_dir": "outputs/mn04_as_seed3407_B64_E100_earlystop_min10_pati5",
  "best_checkpoint_path": "outputs/mn04_as_seed3407_B64_E100_earlystop_min10_pati5/model/model_best.pth",
  "final_checkpoint_path": "outputs/mn04_as_seed3407_B64_E100_earlystop_min10_pati5/model/model_final.pth",
  "best_model_eval": {
    "output_dir": "outputs/mn04_as_seed3407_B64_E100_earlystop_min10_pati5/best_model_eval",
    "validation_metrics": {
      "loss": 0.22763411707839898,
      "species_loss": 0.2184268925867303,
      "domain_loss": 0.009207226246312285,
      "species_accuracy": 0.9205990433692932,
      "species_balanced_accuracy": 0.8244722088177999,
      "domain_accuracy": 0.9982959628105164,
      "domain_balanced_accuracy": 0.7566116452217102,
      "species_ba_D1": 0.5815295899907748,
      "species_ba_D4": 0.5,
      "species_ba_D5": 0.9014385441939036,
      "species_ba_D3": 0.7507936557133993,
      "species_ba_D2": 0.9090909063816071,
      "num_prediction_rows": 30516,
      "split": "validation",
      "checkpoint_path": "outputs/mn04_as_seed3407_B64_E100_earlystop_min10_pati5/model/model_best.pth"
    },
    "test_metrics": {
      "loss": 1.1614760344537,
      "species_loss": 0.7890204042225574,
      "domain_loss": 0.372455631852292,
      "species_accuracy": 0.7911967039108276,
      "species_balanced_accuracy": 0.5135742568721374,
      "domain_accuracy": 0.9234669804573059,
      "domain_balanced_accuracy": 0.4889001533389091,
      "species_ba_D1": 0.35838293757600087,
      "species_ba_D3": 0.26970995714267093,
      "species_ba_D4": 0.006756756920367479,
      "species_ba_D5": 0.8919464548428854,
      "species_ba_D2": 0.40994269773364067,
      "num_prediction_rows": 27217,
      "num_seen_samples": 23015,
      "num_unseen_samples": 4202,
      "BA_seen": 0.8914328217506409,
      "BA_unseen": 0.13778801722865966,
      "DSG": 0.7536448045219812,
      "split": "test",
      "checkpoint_path": "outputs/mn04_as_seed3407_B64_E100_earlystop_min10_pati5/model/model_best.pth"
    },
    "validation_metrics_path": "outputs/mn04_as_seed3407_B64_E100_earlystop_min10_pati5/best_model_eval/validation_metrics.json",
    "validation_predictions_path": "outputs/mn04_as_seed3407_B64_E100_earlystop_min10_pati5/best_model_eval/validation_predictions.jsonl",
    "test_metrics_path": "outputs/mn04_as_seed3407_B64_E100_earlystop_min10_pati5/best_model_eval/test_metrics.json",
    "test_predictions_path": "outputs/mn04_as_seed3407_B64_E100_earlystop_min10_pati5/best_model_eval/test_predictions.jsonl"
  },
  "final_model_eval": {
    "output_dir": "outputs/mn04_as_seed3407_B64_E100_earlystop_min10_pati5/final_model_eval",
    "validation_metrics": {
      "loss": 0.29607130230168166,
      "species_loss": 0.28220890592185216,
      "domain_loss": 0.013862397701635836,
      "species_accuracy": 0.9033949375152588,
      "species_balanced_accuracy": 0.7977179487546285,
      "domain_accuracy": 0.9977061152458191,
      "domain_balanced_accuracy": 0.7167059779167175,
      "species_ba_D1": 0.4880501429239909,
      "species_ba_D4": 0.25,
      "species_ba_D5": 0.8781792124112447,
      "species_ba_D3": 0.6904761989911398,
      "species_ba_D2": 0.9090909063816071,
      "num_prediction_rows": 30516,
      "split": "validation",
      "checkpoint_path": "outputs/mn04_as_seed3407_B64_E100_earlystop_min10_pati5/model/model_final.pth"
    },
    "test_metrics": {
      "loss": 1.4321637558553124,
      "species_loss": 0.803712993599014,
      "domain_loss": 0.6284507628544733,
      "species_accuracy": 0.7946871519088745,
      "species_balanced_accuracy": 0.5065064141526818,
      "domain_accuracy": 0.8850350975990295,
      "domain_balanced_accuracy": 0.4851989194750786,
      "species_ba_D1": 0.3885523387774204,
      "species_ba_D3": 0.21742239268496633,
      "species_ba_D4": 0.0033783784601837397,
      "species_ba_D5": 0.8701892495155334,
      "species_ba_D2": 0.4110918194055557,
      "num_prediction_rows": 27217,
      "num_seen_samples": 23015,
      "num_unseen_samples": 4202,
      "BA_seen": 0.8696644405523936,
      "BA_unseen": 0.15390356922418708,
      "DSG": 0.7157608713282064,
      "split": "test",
      "checkpoint_path": "outputs/mn04_as_seed3407_B64_E100_earlystop_min10_pati5/model/model_final.pth"
    },
    "validation_metrics_path": "outputs/mn04_as_seed3407_B64_E100_earlystop_min10_pati5/final_model_eval/validation_metrics.json",
    "validation_predictions_path": "outputs/mn04_as_seed3407_B64_E100_earlystop_min10_pati5/final_model_eval/validation_predictions.jsonl",
    "test_metrics_path": "outputs/mn04_as_seed3407_B64_E100_earlystop_min10_pati5/final_model_eval/test_metrics.json",
    "test_predictions_path": "outputs/mn04_as_seed3407_B64_E100_earlystop_min10_pati5/final_model_eval/test_predictions.jsonl"
  }
}