{
  "seed": 2023,
  "output_dir": "outputs/MTRCNN_seed2023_B64_E100_earlystop_min10_pati5",
  "best_checkpoint_path": "outputs/MTRCNN_seed2023_B64_E100_earlystop_min10_pati5/model/model_best.pth",
  "final_checkpoint_path": "outputs/MTRCNN_seed2023_B64_E100_earlystop_min10_pati5/model/model_final.pth",
  "best_model_eval": {
    "output_dir": "outputs/MTRCNN_seed2023_B64_E100_earlystop_min10_pati5/best_model_eval",
    "validation_metrics": {
      "loss": 0.287422020693207,
      "species_loss": 0.2843353029719691,
      "domain_loss": 0.003086720280483821,
      "species_accuracy": 0.8947109580039978,
      "species_balanced_accuracy": 0.841260227892134,
      "domain_accuracy": 0.9988530874252319,
      "domain_balanced_accuracy": 0.7498047292232514,
      "species_ba_D1": 0.8194444477558136,
      "species_ba_D4": 0.25,
      "species_ba_D5": 0.8776236375172933,
      "species_ba_D3": 0.741269846757253,
      "species_ba_D2": 0.875,
      "num_prediction_rows": 30516,
      "split": "validation",
      "checkpoint_path": "outputs/MTRCNN_seed2023_B64_E100_earlystop_min10_pati5/model/model_best.pth"
    },
    "test_metrics": {
      "loss": 1.8676765333459748,
      "species_loss": 1.4402500608891708,
      "domain_loss": 0.42742647671553324,
      "species_accuracy": 0.7766101956367493,
      "species_balanced_accuracy": 0.5147662452525563,
      "domain_accuracy": 0.9022302031517029,
      "domain_balanced_accuracy": 0.418456943333149,
      "species_ba_D1": 0.4525641054109049,
      "species_ba_D3": 0.5686274568239847,
      "species_ba_D4": 0.16554053872823715,
      "species_ba_D5": 0.8740267952283224,
      "species_ba_D2": 0.5173251976569494,
      "num_prediction_rows": 27217,
      "num_seen_samples": 23015,
      "num_unseen_samples": 4202,
      "BA_seen": 0.8740376730759939,
      "BA_unseen": 0.17642063400449437,
      "DSG": 0.6976170390714995,
      "split": "test",
      "checkpoint_path": "outputs/MTRCNN_seed2023_B64_E100_earlystop_min10_pati5/model/model_best.pth"
    },
    "validation_metrics_path": "outputs/MTRCNN_seed2023_B64_E100_earlystop_min10_pati5/best_model_eval/validation_metrics.json",
    "validation_predictions_path": "outputs/MTRCNN_seed2023_B64_E100_earlystop_min10_pati5/best_model_eval/validation_predictions.jsonl",
    "test_metrics_path": "outputs/MTRCNN_seed2023_B64_E100_earlystop_min10_pati5/best_model_eval/test_metrics.json",
    "test_predictions_path": "outputs/MTRCNN_seed2023_B64_E100_earlystop_min10_pati5/best_model_eval/test_predictions.jsonl"
  },
  "final_model_eval": {
    "output_dir": "outputs/MTRCNN_seed2023_B64_E100_earlystop_min10_pati5/final_model_eval",
    "validation_metrics": {
      "loss": 0.2823805055944791,
      "species_loss": 0.2798630828753685,
      "domain_loss": 0.0025174252011149717,
      "species_accuracy": 0.896775484085083,
      "species_balanced_accuracy": 0.8259125418133206,
      "domain_accuracy": 0.9991807341575623,
      "domain_balanced_accuracy": 0.7330672979354859,
      "species_ba_D1": 0.8194444477558136,
      "species_ba_D4": 0.25,
      "species_ba_D5": 0.8598727285861969,
      "species_ba_D3": 0.561904768149058,
      "species_ba_D2": 0.8522727191448212,
      "num_prediction_rows": 30516,
      "split": "validation",
      "checkpoint_path": "outputs/MTRCNN_seed2023_B64_E100_earlystop_min10_pati5/model/model_final.pth"
    },
    "test_metrics": {
      "loss": 1.779104887127685,
      "species_loss": 1.422944629103168,
      "domain_loss": 0.35616025656640393,
      "species_accuracy": 0.7876694798469543,
      "species_balanced_accuracy": 0.5346769086188741,
      "domain_accuracy": 0.9198662638664246,
      "domain_balanced_accuracy": 0.43034480661153796,
      "species_ba_D1": 0.4527205461927224,
      "species_ba_D3": 0.41125408187508583,
      "species_ba_D4": 0.22972972691059113,
      "species_ba_D5": 0.8632146517435709,
      "species_ba_D2": 0.3894875645637512,
      "num_prediction_rows": 27217,
      "num_seen_samples": 23015,
      "num_unseen_samples": 4202,
      "BA_seen": 0.8630863130092621,
      "BA_unseen": 0.18405718958496842,
      "DSG": 0.6790291234242937,
      "split": "test",
      "checkpoint_path": "outputs/MTRCNN_seed2023_B64_E100_earlystop_min10_pati5/model/model_final.pth"
    },
    "validation_metrics_path": "outputs/MTRCNN_seed2023_B64_E100_earlystop_min10_pati5/final_model_eval/validation_metrics.json",
    "validation_predictions_path": "outputs/MTRCNN_seed2023_B64_E100_earlystop_min10_pati5/final_model_eval/validation_predictions.jsonl",
    "test_metrics_path": "outputs/MTRCNN_seed2023_B64_E100_earlystop_min10_pati5/final_model_eval/test_metrics.json",
    "test_predictions_path": "outputs/MTRCNN_seed2023_B64_E100_earlystop_min10_pati5/final_model_eval/test_predictions.jsonl"
  }
}