{
  "seed": 2023,
  "output_dir": "outputs/MTRCNN_seed2023_B64_E100_earlystop_min10_pati5",
  "best_checkpoint_path": "outputs/MTRCNN_seed2023_B64_E100_earlystop_min10_pati5/model/model_best.pth",
  "final_checkpoint_path": "outputs/MTRCNN_seed2023_B64_E100_earlystop_min10_pati5/model/model_final.pth",
  "best_model_eval": {
    "output_dir": "outputs/MTRCNN_seed2023_B64_E100_earlystop_min10_pati5/best_model_eval",
    "validation_metrics": {
      "loss": 0.24409877144386136,
      "species_loss": 0.24122911384158446,
      "domain_loss": 0.0028696590106468424,
      "species_accuracy": 0.9117184281349182,
      "species_balanced_accuracy": 0.8614841037326388,
      "domain_accuracy": 0.9991480112075806,
      "domain_balanced_accuracy": 0.7238940358161926,
      "species_ba_D1": 0.8234126965204874,
      "species_ba_D4": 0.5,
      "species_ba_D5": 0.8895900348822275,
      "species_ba_D3": 0.4444444576899211,
      "species_ba_D2": 0.9375,
      "num_prediction_rows": 30516,
      "split": "validation",
      "checkpoint_path": "outputs/MTRCNN_seed2023_B64_E100_earlystop_min10_pati5/model/model_best.pth"
    },
    "test_metrics": {
      "loss": 1.8084658217457836,
      "species_loss": 1.331110870170819,
      "domain_loss": 0.4773549535165039,
      "species_accuracy": 0.792629599571228,
      "species_balanced_accuracy": 0.5481270046697723,
      "domain_accuracy": 0.8966822028160095,
      "domain_balanced_accuracy": 0.37404114603996275,
      "species_ba_D1": 0.4523809552192688,
      "species_ba_D3": 0.37346814076105755,
      "species_ba_D4": 0.07432432472705841,
      "species_ba_D5": 0.888943612575531,
      "species_ba_D2": 0.43081169327100116,
      "num_prediction_rows": 27217,
      "num_seen_samples": 23015,
      "num_unseen_samples": 4202,
      "BA_seen": 0.8886620998382568,
      "BA_unseen": 0.20853372083769905,
      "DSG": 0.6801283790005578,
      "split": "test",
      "checkpoint_path": "outputs/MTRCNN_seed2023_B64_E100_earlystop_min10_pati5/model/model_best.pth"
    },
    "validation_metrics_path": "outputs/MTRCNN_seed2023_B64_E100_earlystop_min10_pati5/best_model_eval/validation_metrics.json",
    "validation_predictions_path": "outputs/MTRCNN_seed2023_B64_E100_earlystop_min10_pati5/best_model_eval/validation_predictions.jsonl",
    "test_metrics_path": "outputs/MTRCNN_seed2023_B64_E100_earlystop_min10_pati5/best_model_eval/test_metrics.json",
    "test_predictions_path": "outputs/MTRCNN_seed2023_B64_E100_earlystop_min10_pati5/best_model_eval/test_predictions.jsonl"
  },
  "final_model_eval": {
    "output_dir": "outputs/MTRCNN_seed2023_B64_E100_earlystop_min10_pati5/final_model_eval",
    "validation_metrics": {
      "loss": 0.2526746611189682,
      "species_loss": 0.25002801307212424,
      "domain_loss": 0.002646649639470752,
      "species_accuracy": 0.9078843593597412,
      "species_balanced_accuracy": 0.8531124393145243,
      "domain_accuracy": 0.9991480112075806,
      "domain_balanced_accuracy": 0.8562827229499816,
      "species_ba_D1": 0.8454861144224802,
      "species_ba_D4": 0.25,
      "species_ba_D5": 0.8888722658157349,
      "species_ba_D3": 0.4079365134239197,
      "species_ba_D2": 1.0,
      "num_prediction_rows": 30516,
      "split": "validation",
      "checkpoint_path": "outputs/MTRCNN_seed2023_B64_E100_earlystop_min10_pati5/model/model_final.pth"
    },
    "test_metrics": {
      "loss": 1.748374036037958,
      "species_loss": 1.297509485293165,
      "domain_loss": 0.4508645525278518,
      "species_accuracy": 0.7850608229637146,
      "species_balanced_accuracy": 0.5170649157630073,
      "domain_accuracy": 0.9056104421615601,
      "domain_balanced_accuracy": 0.43282942473888397,
      "species_ba_D1": 0.47743055697840947,
      "species_ba_D3": 0.2890114312370618,
      "species_ba_D4": 0.16554053872823715,
      "species_ba_D5": 0.8910128474235535,
      "species_ba_D2": 0.40191492438316345,
      "num_prediction_rows": 27217,
      "num_seen_samples": 23015,
      "num_unseen_samples": 4202,
      "BA_seen": 0.8908377885818481,
      "BA_unseen": 0.15656093161346185,
      "DSG": 0.7342768569683863,
      "split": "test",
      "checkpoint_path": "outputs/MTRCNN_seed2023_B64_E100_earlystop_min10_pati5/model/model_final.pth"
    },
    "validation_metrics_path": "outputs/MTRCNN_seed2023_B64_E100_earlystop_min10_pati5/final_model_eval/validation_metrics.json",
    "validation_predictions_path": "outputs/MTRCNN_seed2023_B64_E100_earlystop_min10_pati5/final_model_eval/validation_predictions.jsonl",
    "test_metrics_path": "outputs/MTRCNN_seed2023_B64_E100_earlystop_min10_pati5/final_model_eval/test_metrics.json",
    "test_predictions_path": "outputs/MTRCNN_seed2023_B64_E100_earlystop_min10_pati5/final_model_eval/test_predictions.jsonl"
  }
}