{
  "seed": 2048,
  "output_dir": "outputs/MTRCNN_seed2048_B64_E100_earlystop_min10_pati5",
  "best_checkpoint_path": "outputs/MTRCNN_seed2048_B64_E100_earlystop_min10_pati5/model/model_best.pth",
  "final_checkpoint_path": "outputs/MTRCNN_seed2048_B64_E100_earlystop_min10_pati5/model/model_final.pth",
  "best_model_eval": {
    "output_dir": "outputs/MTRCNN_seed2048_B64_E100_earlystop_min10_pati5/best_model_eval",
    "validation_metrics": {
      "loss": 0.24531840440171973,
      "species_loss": 0.24303063255187562,
      "domain_loss": 0.002287773833148627,
      "species_accuracy": 0.910309374332428,
      "species_balanced_accuracy": 0.8643035358852811,
      "domain_accuracy": 0.9990824460983276,
      "domain_balanced_accuracy": 0.7712185561656952,
      "species_ba_D1": 0.796875,
      "species_ba_D4": 0.0,
      "species_ba_D5": 0.89385653535525,
      "species_ba_D3": 0.6492063601811727,
      "species_ba_D2": 0.9375,
      "num_prediction_rows": 30516,
      "split": "validation",
      "checkpoint_path": "outputs/MTRCNN_seed2048_B64_E100_earlystop_min10_pati5/model/model_best.pth"
    },
    "test_metrics": {
      "loss": 1.5573694449390965,
      "species_loss": 1.2851733713532745,
      "domain_loss": 0.2721960767143675,
      "species_accuracy": 0.7830767631530762,
      "species_balanced_accuracy": 0.5519091669056151,
      "domain_accuracy": 0.9449241161346436,
      "domain_balanced_accuracy": 0.5203916966915131,
      "species_ba_D1": 0.41240613284753636,
      "species_ba_D3": 0.4460784395535787,
      "species_ba_D4": 0.1317567527294159,
      "species_ba_D5": 0.8885524272918701,
      "species_ba_D2": 0.3711297462383906,
      "num_prediction_rows": 27217,
      "num_seen_samples": 23015,
      "num_unseen_samples": 4202,
      "BA_seen": 0.888262540102005,
      "BA_unseen": 0.18394103562200648,
      "DSG": 0.7043215044799985,
      "split": "test",
      "checkpoint_path": "outputs/MTRCNN_seed2048_B64_E100_earlystop_min10_pati5/model/model_best.pth"
    },
    "validation_metrics_path": "outputs/MTRCNN_seed2048_B64_E100_earlystop_min10_pati5/best_model_eval/validation_metrics.json",
    "validation_predictions_path": "outputs/MTRCNN_seed2048_B64_E100_earlystop_min10_pati5/best_model_eval/validation_predictions.jsonl",
    "test_metrics_path": "outputs/MTRCNN_seed2048_B64_E100_earlystop_min10_pati5/best_model_eval/test_metrics.json",
    "test_predictions_path": "outputs/MTRCNN_seed2048_B64_E100_earlystop_min10_pati5/best_model_eval/test_predictions.jsonl"
  },
  "final_model_eval": {
    "output_dir": "outputs/MTRCNN_seed2048_B64_E100_earlystop_min10_pati5/final_model_eval",
    "validation_metrics": {
      "loss": 0.231016065478029,
      "species_loss": 0.22888514703424148,
      "domain_loss": 0.0021309204024567356,
      "species_accuracy": 0.9142744541168213,
      "species_balanced_accuracy": 0.8442925545904372,
      "domain_accuracy": 0.9992790818214417,
      "domain_balanced_accuracy": 0.7938600718975067,
      "species_ba_D1": 0.8129734893639883,
      "species_ba_D4": 0.25,
      "species_ba_D5": 0.8840758403142294,
      "species_ba_D3": 0.7460317611694336,
      "species_ba_D2": 0.9375,
      "num_prediction_rows": 30516,
      "split": "validation",
      "checkpoint_path": "outputs/MTRCNN_seed2048_B64_E100_earlystop_min10_pati5/model/model_final.pth"
    },
    "test_metrics": {
      "loss": 1.6489317256215361,
      "species_loss": 1.299622573022522,
      "domain_loss": 0.3493091537587812,
      "species_accuracy": 0.7941360473632812,
      "species_balanced_accuracy": 0.5256754615240626,
      "domain_accuracy": 0.9304846525192261,
      "domain_balanced_accuracy": 0.5325354307889938,
      "species_ba_D1": 0.4252174903910297,
      "species_ba_D3": 0.6127451062202454,
      "species_ba_D4": 0.06756756454706192,
      "species_ba_D5": 0.8850396573543549,
      "species_ba_D2": 0.3689841851592064,
      "num_prediction_rows": 27217,
      "num_seen_samples": 23015,
      "num_unseen_samples": 4202,
      "BA_seen": 0.8848837514718374,
      "BA_unseen": 0.15397896849188125,
      "DSG": 0.7309047829799562,
      "split": "test",
      "checkpoint_path": "outputs/MTRCNN_seed2048_B64_E100_earlystop_min10_pati5/model/model_final.pth"
    },
    "validation_metrics_path": "outputs/MTRCNN_seed2048_B64_E100_earlystop_min10_pati5/final_model_eval/validation_metrics.json",
    "validation_predictions_path": "outputs/MTRCNN_seed2048_B64_E100_earlystop_min10_pati5/final_model_eval/validation_predictions.jsonl",
    "test_metrics_path": "outputs/MTRCNN_seed2048_B64_E100_earlystop_min10_pati5/final_model_eval/test_metrics.json",
    "test_predictions_path": "outputs/MTRCNN_seed2048_B64_E100_earlystop_min10_pati5/final_model_eval/test_predictions.jsonl"
  }
}