{
  "seed": 2048,
  "output_dir": "outputs/MTRCNN_seed2048_B64_E100_earlystop_min10_pati5",
  "best_checkpoint_path": "outputs/MTRCNN_seed2048_B64_E100_earlystop_min10_pati5/model/model_best.pth",
  "final_checkpoint_path": "outputs/MTRCNN_seed2048_B64_E100_earlystop_min10_pati5/model/model_final.pth",
  "best_model_eval": {
    "output_dir": "outputs/MTRCNN_seed2048_B64_E100_earlystop_min10_pati5/best_model_eval",
    "validation_metrics": {
      "loss": 0.24066311087421494,
      "species_loss": 0.238286518741004,
      "domain_loss": 0.002376594804607585,
      "species_accuracy": 0.9136191010475159,
      "species_balanced_accuracy": 0.8640298181109958,
      "domain_accuracy": 0.9992462992668152,
      "domain_balanced_accuracy": 0.7247877359390259,
      "species_ba_D1": 0.7956123848756155,
      "species_ba_D4": 0.0,
      "species_ba_D5": 0.8946110506852468,
      "species_ba_D3": 0.5190476179122925,
      "species_ba_D2": 1.0,
      "num_prediction_rows": 30516,
      "split": "validation",
      "checkpoint_path": "outputs/MTRCNN_seed2048_B64_E100_earlystop_min10_pati5/model/model_best.pth"
    },
    "test_metrics": {
      "loss": 1.6799489439645936,
      "species_loss": 1.3543769842430928,
      "domain_loss": 0.3255719611516991,
      "species_accuracy": 0.7899474501609802,
      "species_balanced_accuracy": 0.5304944937427839,
      "domain_accuracy": 0.9463570713996887,
      "domain_balanced_accuracy": 0.5314026594161987,
      "species_ba_D1": 0.4527205461927224,
      "species_ba_D3": 0.28431371847788495,
      "species_ba_D4": 0.0810810774564743,
      "species_ba_D5": 0.8916158974170685,
      "species_ba_D2": 0.37956734498341876,
      "num_prediction_rows": 27217,
      "num_seen_samples": 23015,
      "num_unseen_samples": 4202,
      "BA_seen": 0.8913247982660929,
      "BA_unseen": 0.1649635258428235,
      "DSG": 0.7263612724232694,
      "split": "test",
      "checkpoint_path": "outputs/MTRCNN_seed2048_B64_E100_earlystop_min10_pati5/model/model_best.pth"
    },
    "validation_metrics_path": "outputs/MTRCNN_seed2048_B64_E100_earlystop_min10_pati5/best_model_eval/validation_metrics.json",
    "validation_predictions_path": "outputs/MTRCNN_seed2048_B64_E100_earlystop_min10_pati5/best_model_eval/validation_predictions.jsonl",
    "test_metrics_path": "outputs/MTRCNN_seed2048_B64_E100_earlystop_min10_pati5/best_model_eval/test_metrics.json",
    "test_predictions_path": "outputs/MTRCNN_seed2048_B64_E100_earlystop_min10_pati5/best_model_eval/test_predictions.jsonl"
  },
  "final_model_eval": {
    "output_dir": "outputs/MTRCNN_seed2048_B64_E100_earlystop_min10_pati5/final_model_eval",
    "validation_metrics": {
      "loss": 0.24310545625053687,
      "species_loss": 0.24021747047518605,
      "domain_loss": 0.0028879879886907064,
      "species_accuracy": 0.9127015471458435,
      "species_balanced_accuracy": 0.84678672419654,
      "domain_accuracy": 0.9991152286529541,
      "domain_balanced_accuracy": 0.6993238925933838,
      "species_ba_D1": 0.8008207082748413,
      "species_ba_D4": 0.5,
      "species_ba_D5": 0.8893539806207021,
      "species_ba_D3": 0.5857143004735311,
      "species_ba_D2": 0.8295454680919647,
      "num_prediction_rows": 30516,
      "split": "validation",
      "checkpoint_path": "outputs/MTRCNN_seed2048_B64_E100_earlystop_min10_pati5/model/model_final.pth"
    },
    "test_metrics": {
      "loss": 1.7610095241706125,
      "species_loss": 1.414862516189098,
      "domain_loss": 0.34614701185927477,
      "species_accuracy": 0.7959363460540771,
      "species_balanced_accuracy": 0.5395294692781236,
      "domain_accuracy": 0.9452548027038574,
      "domain_balanced_accuracy": 0.5242599878460169,
      "species_ba_D1": 0.4523809552192688,
      "species_ba_D3": 0.4313725431760152,
      "species_ba_D4": 0.07094594836235046,
      "species_ba_D5": 0.8853949209054311,
      "species_ba_D2": 0.486483762661616,
      "num_prediction_rows": 27217,
      "num_seen_samples": 23015,
      "num_unseen_samples": 4202,
      "BA_seen": 0.8852240443229675,
      "BA_unseen": 0.18933548861079746,
      "DSG": 0.6958885557121701,
      "split": "test",
      "checkpoint_path": "outputs/MTRCNN_seed2048_B64_E100_earlystop_min10_pati5/model/model_final.pth"
    },
    "validation_metrics_path": "outputs/MTRCNN_seed2048_B64_E100_earlystop_min10_pati5/final_model_eval/validation_metrics.json",
    "validation_predictions_path": "outputs/MTRCNN_seed2048_B64_E100_earlystop_min10_pati5/final_model_eval/validation_predictions.jsonl",
    "test_metrics_path": "outputs/MTRCNN_seed2048_B64_E100_earlystop_min10_pati5/final_model_eval/test_metrics.json",
    "test_predictions_path": "outputs/MTRCNN_seed2048_B64_E100_earlystop_min10_pati5/final_model_eval/test_predictions.jsonl"
  }
}