{
  "seed": 42,
  "output_dir": "outputs/MTRCNN_seed42_B64_E100_earlystop_min10_pati5",
  "best_checkpoint_path": "outputs/MTRCNN_seed42_B64_E100_earlystop_min10_pati5/model/model_best.pth",
  "final_checkpoint_path": "outputs/MTRCNN_seed42_B64_E100_earlystop_min10_pati5/model/model_final.pth",
  "best_model_eval": {
    "output_dir": "outputs/MTRCNN_seed42_B64_E100_earlystop_min10_pati5/best_model_eval",
    "validation_metrics": {
      "loss": 0.2438504292816528,
      "species_loss": 0.24095514631898945,
      "domain_loss": 0.0028952853993067774,
      "species_accuracy": 0.9104076623916626,
      "species_balanced_accuracy": 0.8519298169347975,
      "domain_accuracy": 0.9990824460983276,
      "domain_balanced_accuracy": 0.7118644714355469,
      "species_ba_D1": 0.792162706454595,
      "species_ba_D4": 0.25,
      "species_ba_D5": 0.8852419555187225,
      "species_ba_D3": 0.5698412756125132,
      "species_ba_D2": 0.8125,
      "num_prediction_rows": 30516,
      "split": "validation",
      "checkpoint_path": "outputs/MTRCNN_seed42_B64_E100_earlystop_min10_pati5/model/model_best.pth"
    },
    "test_metrics": {
      "loss": 1.7203218045391382,
      "species_loss": 1.2730608235557768,
      "domain_loss": 0.44726098495630734,
      "species_accuracy": 0.788183867931366,
      "species_balanced_accuracy": 0.5364148451222314,
      "domain_accuracy": 0.9068596959114075,
      "domain_balanced_accuracy": 0.47753230929374696,
      "species_ba_D1": 0.4288194487065387,
      "species_ba_D3": 0.26470587650934857,
      "species_ba_D4": 0.11824323982000351,
      "species_ba_D5": 0.8817933599154154,
      "species_ba_D2": 0.15549288069208464,
      "num_prediction_rows": 27217,
      "num_seen_samples": 23015,
      "num_unseen_samples": 4202,
      "BA_seen": 0.8812793890635172,
      "BA_unseen": 0.15574710920918733,
      "DSG": 0.7255322798543299,
      "split": "test",
      "checkpoint_path": "outputs/MTRCNN_seed42_B64_E100_earlystop_min10_pati5/model/model_best.pth"
    },
    "validation_metrics_path": "outputs/MTRCNN_seed42_B64_E100_earlystop_min10_pati5/best_model_eval/validation_metrics.json",
    "validation_predictions_path": "outputs/MTRCNN_seed42_B64_E100_earlystop_min10_pati5/best_model_eval/validation_predictions.jsonl",
    "test_metrics_path": "outputs/MTRCNN_seed42_B64_E100_earlystop_min10_pati5/best_model_eval/test_metrics.json",
    "test_predictions_path": "outputs/MTRCNN_seed42_B64_E100_earlystop_min10_pati5/best_model_eval/test_predictions.jsonl"
  },
  "final_model_eval": {
    "output_dir": "outputs/MTRCNN_seed42_B64_E100_earlystop_min10_pati5/final_model_eval",
    "validation_metrics": {
      "loss": 0.238776362529975,
      "species_loss": 0.2360895449543158,
      "domain_loss": 0.002686819738462658,
      "species_accuracy": 0.9134880304336548,
      "species_balanced_accuracy": 0.8481610748502943,
      "domain_accuracy": 0.9990824460983276,
      "domain_balanced_accuracy": 0.7222339749336243,
      "species_ba_D1": 0.8541666666666666,
      "species_ba_D4": 0.0,
      "species_ba_D5": 0.8890878657499949,
      "species_ba_D3": 0.39841270446777344,
      "species_ba_D2": 0.8125,
      "num_prediction_rows": 30516,
      "split": "validation",
      "checkpoint_path": "outputs/MTRCNN_seed42_B64_E100_earlystop_min10_pati5/model/model_final.pth"
    },
    "test_metrics": {
      "loss": 1.6448406405131364,
      "species_loss": 1.2109421662278796,
      "domain_loss": 0.43389847707845997,
      "species_accuracy": 0.7891391515731812,
      "species_balanced_accuracy": 0.5409238441950746,
      "domain_accuracy": 0.9139140844345093,
      "domain_balanced_accuracy": 0.49010982513427737,
      "species_ba_D1": 0.4293154804812123,
      "species_ba_D3": 0.2745098074277242,
      "species_ba_D4": 0.12736486364156008,
      "species_ba_D5": 0.8857437074184418,
      "species_ba_D2": 0.1546973359460632,
      "num_prediction_rows": 27217,
      "num_seen_samples": 23015,
      "num_unseen_samples": 4202,
      "BA_seen": 0.8852450847625732,
      "BA_unseen": 0.1631346474815574,
      "DSG": 0.7221104372810159,
      "split": "test",
      "checkpoint_path": "outputs/MTRCNN_seed42_B64_E100_earlystop_min10_pati5/model/model_final.pth"
    },
    "validation_metrics_path": "outputs/MTRCNN_seed42_B64_E100_earlystop_min10_pati5/final_model_eval/validation_metrics.json",
    "validation_predictions_path": "outputs/MTRCNN_seed42_B64_E100_earlystop_min10_pati5/final_model_eval/validation_predictions.jsonl",
    "test_metrics_path": "outputs/MTRCNN_seed42_B64_E100_earlystop_min10_pati5/final_model_eval/test_metrics.json",
    "test_predictions_path": "outputs/MTRCNN_seed42_B64_E100_earlystop_min10_pati5/final_model_eval/test_predictions.jsonl"
  }
}