{
  "seed": 42,
  "output_dir": "outputs/MTRCNN_seed42_B64_E100_earlystop_min10_pati5",
  "best_checkpoint_path": "outputs/MTRCNN_seed42_B64_E100_earlystop_min10_pati5/model/model_best.pth",
  "final_checkpoint_path": "outputs/MTRCNN_seed42_B64_E100_earlystop_min10_pati5/model/model_final.pth",
  "best_model_eval": {
    "output_dir": "outputs/MTRCNN_seed42_B64_E100_earlystop_min10_pati5/best_model_eval",
    "validation_metrics": {
      "loss": 0.2332165459841779,
      "species_loss": 0.23036301065235293,
      "domain_loss": 0.0028535375406628155,
      "species_accuracy": 0.9151265025138855,
      "species_balanced_accuracy": 0.861831890212165,
      "domain_accuracy": 0.9990168809890747,
      "domain_balanced_accuracy": 0.7064949750900269,
      "species_ba_D1": 0.8454861144224802,
      "species_ba_D4": 0.5,
      "species_ba_D5": 0.8932284017403921,
      "species_ba_D3": 0.45873016119003296,
      "species_ba_D2": 0.875,
      "num_prediction_rows": 30516,
      "split": "validation",
      "checkpoint_path": "outputs/MTRCNN_seed42_B64_E100_earlystop_min10_pati5/model/model_best.pth"
    },
    "test_metrics": {
      "loss": 1.703449373209794,
      "species_loss": 1.258560152737155,
      "domain_loss": 0.44488922164723926,
      "species_accuracy": 0.791343629360199,
      "species_balanced_accuracy": 0.5477945307890574,
      "domain_accuracy": 0.9296395778656006,
      "domain_balanced_accuracy": 0.4917634166777134,
      "species_ba_D1": 0.4533730187298109,
      "species_ba_D3": 0.28696895266572636,
      "species_ba_D4": 0.23986486345529556,
      "species_ba_D5": 0.8876407841841379,
      "species_ba_D2": 0.2523042658964793,
      "num_prediction_rows": 27217,
      "num_seen_samples": 23015,
      "num_unseen_samples": 4202,
      "BA_seen": 0.8872491121292114,
      "BA_unseen": 0.17591461006345022,
      "DSG": 0.7113345020657612,
      "split": "test",
      "checkpoint_path": "outputs/MTRCNN_seed42_B64_E100_earlystop_min10_pati5/model/model_best.pth"
    },
    "validation_metrics_path": "outputs/MTRCNN_seed42_B64_E100_earlystop_min10_pati5/best_model_eval/validation_metrics.json",
    "validation_predictions_path": "outputs/MTRCNN_seed42_B64_E100_earlystop_min10_pati5/best_model_eval/validation_predictions.jsonl",
    "test_metrics_path": "outputs/MTRCNN_seed42_B64_E100_earlystop_min10_pati5/best_model_eval/test_metrics.json",
    "test_predictions_path": "outputs/MTRCNN_seed42_B64_E100_earlystop_min10_pati5/best_model_eval/test_predictions.jsonl"
  },
  "final_model_eval": {
    "output_dir": "outputs/MTRCNN_seed42_B64_E100_earlystop_min10_pati5/final_model_eval",
    "validation_metrics": {
      "loss": 0.23957102705328184,
      "species_loss": 0.23659974509699044,
      "domain_loss": 0.0029712837278329674,
      "species_accuracy": 0.9125049114227295,
      "species_balanced_accuracy": 0.8248089320129819,
      "domain_accuracy": 0.9990496635437012,
      "domain_balanced_accuracy": 0.7692937195301056,
      "species_ba_D1": 0.8420138855775198,
      "species_ba_D4": 0.0,
      "species_ba_D5": 0.8777937193711599,
      "species_ba_D3": 0.3539682626724243,
      "species_ba_D2": 0.7897727191448212,
      "num_prediction_rows": 30516,
      "split": "validation",
      "checkpoint_path": "outputs/MTRCNN_seed42_B64_E100_earlystop_min10_pati5/model/model_final.pth"
    },
    "test_metrics": {
      "loss": 1.6911893045951396,
      "species_loss": 1.2496432227001932,
      "domain_loss": 0.441546083252915,
      "species_accuracy": 0.7986552715301514,
      "species_balanced_accuracy": 0.5425523618857065,
      "domain_accuracy": 0.9228790998458862,
      "domain_balanced_accuracy": 0.4108265846967697,
      "species_ba_D1": 0.4526289710969043,
      "species_ba_D3": 0.6834150354067484,
      "species_ba_D4": 0.23648648709058762,
      "species_ba_D5": 0.8788967529932658,
      "species_ba_D2": 0.125892981265982,
      "num_prediction_rows": 27217,
      "num_seen_samples": 23015,
      "num_unseen_samples": 4202,
      "BA_seen": 0.8785707056522369,
      "BA_unseen": 0.24541015800140384,
      "DSG": 0.6331605476508331,
      "split": "test",
      "checkpoint_path": "outputs/MTRCNN_seed42_B64_E100_earlystop_min10_pati5/model/model_final.pth"
    },
    "validation_metrics_path": "outputs/MTRCNN_seed42_B64_E100_earlystop_min10_pati5/final_model_eval/validation_metrics.json",
    "validation_predictions_path": "outputs/MTRCNN_seed42_B64_E100_earlystop_min10_pati5/final_model_eval/validation_predictions.jsonl",
    "test_metrics_path": "outputs/MTRCNN_seed42_B64_E100_earlystop_min10_pati5/final_model_eval/test_metrics.json",
    "test_predictions_path": "outputs/MTRCNN_seed42_B64_E100_earlystop_min10_pati5/final_model_eval/test_predictions.jsonl"
  }
}