{
  "seed": 2023,
  "output_dir": "outputs/mn04_as_seed2023_B64_E100_earlystop_min10_pati5",
  "best_checkpoint_path": "outputs/mn04_as_seed2023_B64_E100_earlystop_min10_pati5/model/model_best.pth",
  "final_checkpoint_path": "outputs/mn04_as_seed2023_B64_E100_earlystop_min10_pati5/model/model_final.pth",
  "best_model_eval": {
    "output_dir": "outputs/mn04_as_seed2023_B64_E100_earlystop_min10_pati5/best_model_eval",
    "validation_metrics": {
      "loss": 0.2595320711629893,
      "species_loss": 0.2453435804751026,
      "domain_loss": 0.014188492292160973,
      "species_accuracy": 0.9144055843353271,
      "species_balanced_accuracy": 0.808312154478497,
      "domain_accuracy": 0.997575044631958,
      "domain_balanced_accuracy": 0.6058883726596832,
      "species_ba_D1": 0.5974476983149847,
      "species_ba_D4": 0.25,
      "species_ba_D5": 0.8981853723526001,
      "species_ba_D3": 0.6285714407761892,
      "species_ba_D2": 0.7443181872367859,
      "num_prediction_rows": 30516,
      "split": "validation",
      "checkpoint_path": "outputs/mn04_as_seed2023_B64_E100_earlystop_min10_pati5/model/model_best.pth"
    },
    "test_metrics": {
      "loss": 1.3547064222293168,
      "species_loss": 0.9764301295940285,
      "domain_loss": 0.37827629285031455,
      "species_accuracy": 0.7950913310050964,
      "species_balanced_accuracy": 0.5058591502408186,
      "domain_accuracy": 0.9412866830825806,
      "domain_balanced_accuracy": 0.47342339605093003,
      "species_ba_D1": 0.3090277768981953,
      "species_ba_D3": 0.4441380773981412,
      "species_ba_D4": 0.13851351384073496,
      "species_ba_D5": 0.8951329290866852,
      "species_ba_D2": 0.21804762383302054,
      "num_prediction_rows": 27217,
      "num_seen_samples": 23015,
      "num_unseen_samples": 4202,
      "BA_seen": 0.8944358627001444,
      "BA_unseen": 0.15365256213893494,
      "DSG": 0.7407833005612094,
      "split": "test",
      "checkpoint_path": "outputs/mn04_as_seed2023_B64_E100_earlystop_min10_pati5/model/model_best.pth"
    },
    "validation_metrics_path": "outputs/mn04_as_seed2023_B64_E100_earlystop_min10_pati5/best_model_eval/validation_metrics.json",
    "validation_predictions_path": "outputs/mn04_as_seed2023_B64_E100_earlystop_min10_pati5/best_model_eval/validation_predictions.jsonl",
    "test_metrics_path": "outputs/mn04_as_seed2023_B64_E100_earlystop_min10_pati5/best_model_eval/test_metrics.json",
    "test_predictions_path": "outputs/mn04_as_seed2023_B64_E100_earlystop_min10_pati5/best_model_eval/test_predictions.jsonl"
  },
  "final_model_eval": {
    "output_dir": "outputs/mn04_as_seed2023_B64_E100_earlystop_min10_pati5/final_model_eval",
    "validation_metrics": {
      "loss": 0.2547897403623991,
      "species_loss": 0.24108742945164427,
      "domain_loss": 0.013702312252269078,
      "species_accuracy": 0.9193537831306458,
      "species_balanced_accuracy": 0.7651594711674584,
      "domain_accuracy": 0.997378408908844,
      "domain_balanced_accuracy": 0.6098034679889679,
      "species_ba_D1": 0.4485705296198527,
      "species_ba_D4": 0.75,
      "species_ba_D5": 0.8828477362791697,
      "species_ba_D3": 0.2761904795964559,
      "species_ba_D2": 0.7954545319080353,
      "num_prediction_rows": 30516,
      "split": "validation",
      "checkpoint_path": "outputs/mn04_as_seed2023_B64_E100_earlystop_min10_pati5/model/model_final.pth"
    },
    "test_metrics": {
      "loss": 1.3568701377511954,
      "species_loss": 0.9248763316889146,
      "domain_loss": 0.43199380712870034,
      "species_accuracy": 0.8037990927696228,
      "species_balanced_accuracy": 0.4956725249066949,
      "domain_accuracy": 0.9233934879302979,
      "domain_balanced_accuracy": 0.517975889146328,
      "species_ba_D1": 0.30278311962805066,
      "species_ba_D3": 0.5507557260182997,
      "species_ba_D4": 0.12837837846018374,
      "species_ba_D5": 0.8758170406023661,
      "species_ba_D2": 0.33520568410555523,
      "num_prediction_rows": 27217,
      "num_seen_samples": 23015,
      "num_unseen_samples": 4202,
      "BA_seen": 0.8754670023918152,
      "BA_unseen": 0.1203705007598425,
      "DSG": 0.7550965016319727,
      "split": "test",
      "checkpoint_path": "outputs/mn04_as_seed2023_B64_E100_earlystop_min10_pati5/model/model_final.pth"
    },
    "validation_metrics_path": "outputs/mn04_as_seed2023_B64_E100_earlystop_min10_pati5/final_model_eval/validation_metrics.json",
    "validation_predictions_path": "outputs/mn04_as_seed2023_B64_E100_earlystop_min10_pati5/final_model_eval/validation_predictions.jsonl",
    "test_metrics_path": "outputs/mn04_as_seed2023_B64_E100_earlystop_min10_pati5/final_model_eval/test_metrics.json",
    "test_predictions_path": "outputs/mn04_as_seed2023_B64_E100_earlystop_min10_pati5/final_model_eval/test_predictions.jsonl"
  }
}