{
  "seed": 1024,
  "output_dir": "outputs/MTRCNN_seed1024_B64_E100_earlystop_min10_pati5",
  "best_checkpoint_path": "outputs/MTRCNN_seed1024_B64_E100_earlystop_min10_pati5/model/model_best.pth",
  "final_checkpoint_path": "outputs/MTRCNN_seed1024_B64_E100_earlystop_min10_pati5/model/model_final.pth",
  "best_model_eval": {
    "output_dir": "outputs/MTRCNN_seed1024_B64_E100_earlystop_min10_pati5/best_model_eval",
    "validation_metrics": {
      "loss": 0.24952879666516517,
      "species_loss": 0.24696621070060729,
      "domain_loss": 0.0025625879235419793,
      "species_accuracy": 0.9081137776374817,
      "species_balanced_accuracy": 0.851885113451216,
      "domain_accuracy": 0.9990824460983276,
      "domain_balanced_accuracy": 0.696265721321106,
      "species_ba_D1": 0.760912706454595,
      "species_ba_D4": 0.25,
      "species_ba_D5": 0.8925938109556834,
      "species_ba_D3": 0.41111111640930176,
      "species_ba_D2": 0.7897727191448212,
      "num_prediction_rows": 30516,
      "split": "validation",
      "checkpoint_path": "outputs/MTRCNN_seed1024_B64_E100_earlystop_min10_pati5/model/model_best.pth"
    },
    "test_metrics": {
      "loss": 1.5822232431419956,
      "species_loss": 1.2580246939821185,
      "domain_loss": 0.3241985472987367,
      "species_accuracy": 0.7835176587104797,
      "species_balanced_accuracy": 0.5443801068597369,
      "domain_accuracy": 0.9300436973571777,
      "domain_balanced_accuracy": 0.46406673863530157,
      "species_ba_D1": 0.4285714328289032,
      "species_ba_D3": 0.28921568393707275,
      "species_ba_D4": 0.09797297418117523,
      "species_ba_D5": 0.8921520113945007,
      "species_ba_D2": 0.2101604746033748,
      "num_prediction_rows": 27217,
      "num_seen_samples": 23015,
      "num_unseen_samples": 4202,
      "BA_seen": 0.8916366895039877,
      "BA_unseen": 0.17296522545317808,
      "DSG": 0.7186714640508096,
      "split": "test",
      "checkpoint_path": "outputs/MTRCNN_seed1024_B64_E100_earlystop_min10_pati5/model/model_best.pth"
    },
    "validation_metrics_path": "outputs/MTRCNN_seed1024_B64_E100_earlystop_min10_pati5/best_model_eval/validation_metrics.json",
    "validation_predictions_path": "outputs/MTRCNN_seed1024_B64_E100_earlystop_min10_pati5/best_model_eval/validation_predictions.jsonl",
    "test_metrics_path": "outputs/MTRCNN_seed1024_B64_E100_earlystop_min10_pati5/best_model_eval/test_metrics.json",
    "test_predictions_path": "outputs/MTRCNN_seed1024_B64_E100_earlystop_min10_pati5/best_model_eval/test_predictions.jsonl"
  },
  "final_model_eval": {
    "output_dir": "outputs/MTRCNN_seed1024_B64_E100_earlystop_min10_pati5/final_model_eval",
    "validation_metrics": {
      "loss": 0.23707128052522855,
      "species_loss": 0.23513502516940402,
      "domain_loss": 0.0019362569781532254,
      "species_accuracy": 0.9139140248298645,
      "species_balanced_accuracy": 0.8387825555271573,
      "domain_accuracy": 0.9994101524353027,
      "domain_balanced_accuracy": 0.7557154059410095,
      "species_ba_D1": 0.7990845938523611,
      "species_ba_D4": 0.25,
      "species_ba_D5": 0.8907666703065237,
      "species_ba_D3": 0.603174606959025,
      "species_ba_D2": 0.9147727191448212,
      "num_prediction_rows": 30516,
      "split": "validation",
      "checkpoint_path": "outputs/MTRCNN_seed1024_B64_E100_earlystop_min10_pati5/model/model_final.pth"
    },
    "test_metrics": {
      "loss": 1.4870750823347416,
      "species_loss": 1.1257267056570268,
      "domain_loss": 0.36134837634730627,
      "species_accuracy": 0.7897637486457825,
      "species_balanced_accuracy": 0.5357678706447283,
      "domain_accuracy": 0.9049491286277771,
      "domain_balanced_accuracy": 0.47620781064033507,
      "species_ba_D1": 0.47639422659995034,
      "species_ba_D3": 0.31004901727040607,
      "species_ba_D4": 0.08445946127176285,
      "species_ba_D5": 0.8859927554925283,
      "species_ba_D2": 0.3776789332429568,
      "num_prediction_rows": 27217,
      "num_seen_samples": 23015,
      "num_unseen_samples": 4202,
      "BA_seen": 0.8857749799887339,
      "BA_unseen": 0.17432343078932414,
      "DSG": 0.7114515491994098,
      "split": "test",
      "checkpoint_path": "outputs/MTRCNN_seed1024_B64_E100_earlystop_min10_pati5/model/model_final.pth"
    },
    "validation_metrics_path": "outputs/MTRCNN_seed1024_B64_E100_earlystop_min10_pati5/final_model_eval/validation_metrics.json",
    "validation_predictions_path": "outputs/MTRCNN_seed1024_B64_E100_earlystop_min10_pati5/final_model_eval/validation_predictions.jsonl",
    "test_metrics_path": "outputs/MTRCNN_seed1024_B64_E100_earlystop_min10_pati5/final_model_eval/test_metrics.json",
    "test_predictions_path": "outputs/MTRCNN_seed1024_B64_E100_earlystop_min10_pati5/final_model_eval/test_predictions.jsonl"
  }
}