{
  "seed": 1024,
  "output_dir": "outputs/MTRCNN_seed1024_B64_E100_earlystop_min10_pati5",
  "best_checkpoint_path": "outputs/MTRCNN_seed1024_B64_E100_earlystop_min10_pati5/model/model_best.pth",
  "final_checkpoint_path": "outputs/MTRCNN_seed1024_B64_E100_earlystop_min10_pati5/model/model_final.pth",
  "best_model_eval": {
    "output_dir": "outputs/MTRCNN_seed1024_B64_E100_earlystop_min10_pati5/best_model_eval",
    "validation_metrics": {
      "loss": 0.24642560617324882,
      "species_loss": 0.2437797004735395,
      "domain_loss": 0.0026459076183626092,
      "species_accuracy": 0.9104076623916626,
      "species_balanced_accuracy": 0.8507721192306943,
      "domain_accuracy": 0.9990824460983276,
      "domain_balanced_accuracy": 0.7269182324409484,
      "species_ba_D1": 0.7973710397879282,
      "species_ba_D4": 0.0,
      "species_ba_D5": 0.8902251223723093,
      "species_ba_D3": 0.3968254029750824,
      "species_ba_D2": 0.9772727191448212,
      "num_prediction_rows": 30516,
      "split": "validation",
      "checkpoint_path": "outputs/MTRCNN_seed1024_B64_E100_earlystop_min10_pati5/model/model_best.pth"
    },
    "test_metrics": {
      "loss": 1.7270255904472198,
      "species_loss": 1.301349851178009,
      "domain_loss": 0.425675738170338,
      "species_accuracy": 0.7863100171089172,
      "species_balanced_accuracy": 0.5519564482900832,
      "domain_accuracy": 0.8854392766952515,
      "domain_balanced_accuracy": 0.4265251696109772,
      "species_ba_D1": 0.4007936517397563,
      "species_ba_D3": 0.25980393091837567,
      "species_ba_D4": 0.12837837636470795,
      "species_ba_D5": 0.8870331446329752,
      "species_ba_D2": 0.3484848439693451,
      "num_prediction_rows": 27217,
      "num_seen_samples": 23015,
      "num_unseen_samples": 4202,
      "BA_seen": 0.886563370625178,
      "BA_unseen": 0.16722739073965284,
      "DSG": 0.7193359798855251,
      "split": "test",
      "checkpoint_path": "outputs/MTRCNN_seed1024_B64_E100_earlystop_min10_pati5/model/model_best.pth"
    },
    "validation_metrics_path": "outputs/MTRCNN_seed1024_B64_E100_earlystop_min10_pati5/best_model_eval/validation_metrics.json",
    "validation_predictions_path": "outputs/MTRCNN_seed1024_B64_E100_earlystop_min10_pati5/best_model_eval/validation_predictions.jsonl",
    "test_metrics_path": "outputs/MTRCNN_seed1024_B64_E100_earlystop_min10_pati5/best_model_eval/test_metrics.json",
    "test_predictions_path": "outputs/MTRCNN_seed1024_B64_E100_earlystop_min10_pati5/best_model_eval/test_predictions.jsonl"
  },
  "final_model_eval": {
    "output_dir": "outputs/MTRCNN_seed1024_B64_E100_earlystop_min10_pati5/final_model_eval",
    "validation_metrics": {
      "loss": 0.25235087090940966,
      "species_loss": 0.24981969234297127,
      "domain_loss": 0.002531179977793395,
      "species_accuracy": 0.9093262553215027,
      "species_balanced_accuracy": 0.8435381518469917,
      "domain_accuracy": 0.9990824460983276,
      "domain_balanced_accuracy": 0.6880738973617554,
      "species_ba_D1": 0.7869543631871542,
      "species_ba_D4": 0.5,
      "species_ba_D5": 0.8857253789901733,
      "species_ba_D3": 0.3746031920115153,
      "species_ba_D2": 0.9147727191448212,
      "num_prediction_rows": 30516,
      "split": "validation",
      "checkpoint_path": "outputs/MTRCNN_seed1024_B64_E100_earlystop_min10_pati5/model/model_final.pth"
    },
    "test_metrics": {
      "loss": 1.7441417817959235,
      "species_loss": 1.3180044761545833,
      "domain_loss": 0.42613730663290156,
      "species_accuracy": 0.7839952707290649,
      "species_balanced_accuracy": 0.5185606239570512,
      "domain_accuracy": 0.9278025031089783,
      "domain_balanced_accuracy": 0.4893182530999184,
      "species_ba_D1": 0.4285714328289032,
      "species_ba_D3": 0.26470587650934857,
      "species_ba_D4": 0.04054053872823715,
      "species_ba_D5": 0.8793823222319285,
      "species_ba_D2": 0.3811745100344221,
      "num_prediction_rows": 27217,
      "num_seen_samples": 23015,
      "num_unseen_samples": 4202,
      "BA_seen": 0.879084716240565,
      "BA_unseen": 0.14071888900879356,
      "DSG": 0.7383658272317714,
      "split": "test",
      "checkpoint_path": "outputs/MTRCNN_seed1024_B64_E100_earlystop_min10_pati5/model/model_final.pth"
    },
    "validation_metrics_path": "outputs/MTRCNN_seed1024_B64_E100_earlystop_min10_pati5/final_model_eval/validation_metrics.json",
    "validation_predictions_path": "outputs/MTRCNN_seed1024_B64_E100_earlystop_min10_pati5/final_model_eval/validation_predictions.jsonl",
    "test_metrics_path": "outputs/MTRCNN_seed1024_B64_E100_earlystop_min10_pati5/final_model_eval/test_metrics.json",
    "test_predictions_path": "outputs/MTRCNN_seed1024_B64_E100_earlystop_min10_pati5/final_model_eval/test_predictions.jsonl"
  }
}